Temperature,Humidity,SquareFootage,Occupancy,RenewableEnergy,EnergyConsumption
25.1394334377269,43.43158120480281,1565.6939992511177,5,2.774698791658742,75.36437339539214
27.731650520792968,54.225918580233085,1411.064918331917,1,21.831384152500608,83.40185495035139
28.704276857248125,58.907657743033184,1755.71500922237,2,6.76467168191291,78.27088774061066
20.080469485298178,50.3716371457499,1452.316318334375,1,8.623446893471096,56.51985048548002
23.09735925505204,51.40142134361278,1094.1303586981196,9,3.0719692157166323,70.81173246793318
29.576037393658908,36.82426323380886,1871.7091797360983,6,17.62668982389795,84.32188519433718
25.13116712267887,35.70962155267958,1607.0012284749637,6,24.26470232698351,76.16579090213895
23.182844248720983,31.67991978011051,1633.9553295431135,8,27.51709925003732,74.1319061773031
25.39199937425648,46.399364049557406,1240.309223721734,6,2.3075954692088576,78.20623587095885
22.212549424277597,32.41846388370173,1705.4203356236917,1,29.140070981014404,77.99221370196022
28.0648135792427,36.45147178564109,1341.467128540315,2,0.3522383966403897,82.27443448386548
23.422546256146845,30.527342157466457,1604.4183548074382,6,19.529548154656723,73.27866950427382
25.388888490671448,47.60101803425757,1244.6189139899486,1,21.79744359722318,84.14477565753458
20.058737855510586,41.861641594454376,1806.052631578324,2,6.384949152471242,60.0225185622203
26.731524781805255,37.29787044961106,1419.7490137965287,6,12.074223142216765,81.18318756246354
22.10024262178738,56.09917871988325,1144.8062949047298,8,10.900770033732996,74.081256288494
29.325575928787117,56.95417356701815,1620.861781135627,0,15.453999472973807,89.4982076601557
23.74244749481492,42.24584548342733,1413.595106864955,1,3.940678287777141,72.87244263642421
27.524189220859466,47.172429679424546,1832.1997785770343,9,19.68895830922032,83.8998965998896
27.63139001845522,36.14029374467184,1251.553720835332,4,8.848082816473534,82.07757940317406
28.7049945527175,59.931894786121376,1211.2618021121182,9,11.703977742489942,94.236287728335
21.101111782566015,30.41800645418693,1677.105260698892,3,14.51720370832993,59.672380432970826
23.000919803937837,43.63838293291814,1228.3223766902736,1,4.302844586055179,70.23522761734993
24.74905765950469,57.216848654263046,1253.708860396828,6,0.6603375462558703,78.39420777459377
26.729367191665855,46.19408776943607,1533.8875228293596,8,18.5810340057255,87.84164465666763
22.575924329206178,57.7495719227239,1040.2062146036978,8,8.906945509097325,72.92984426206768
27.011513197244874,52.637571884657305,1701.2553405115032,9,24.051355077458528,86.66909405376278
26.570000593742623,43.330311963375614,1126.0627981873615,7,2.9434034323461225,80.41142775984329
21.820077577118944,56.855188125958406,1289.616032810379,3,25.513774644213942,64.21209800102363
23.220629928291007,46.073879432102466,1649.5103531928776,2,18.270528189168942,74.16033755004982
28.875374569208283,31.803130453234026,1887.2017226982111,5,24.46883621156326,81.04958057295511
20.833491610497568,51.14700701801437,1096.7031280679794,1,21.865100350797228,70.30817192579988
27.46564120140408,34.9409910367269,1491.2879488851015,9,4.6457386056945404,82.28439185280472
20.623500489834765,50.14503354220139,1036.4623172912152,6,0.3722012648189066,59.847392688307885
27.31481126572729,42.93605505297437,1876.510298961869,4,1.1813311411593264,82.50403686398842
27.42511354993544,32.394788065588216,1155.2301001435485,9,8.166146956672918,82.78244589126273
24.07915813451661,54.09504887445641,1850.3220231803864,7,21.060814255417917,74.67411328167944
29.913829988984812,53.34075278909026,1924.1861207571112,0,25.84805422710293,86.88913818269737
24.521372987583916,42.27647348582312,1654.9299772328145,7,1.6471723322743026,78.54242641942929
21.898785431279215,48.63351462602176,1958.9635358554865,4,20.21773265658062,77.22845715853467
23.516264720993824,52.37155796010059,1517.168540999046,7,8.270639173483916,73.73515145603137
27.1481166642526,43.12086624044411,1296.5818068796584,8,16.99702392488144,91.84340824868656
23.574353632517656,52.85166419960819,1491.880064573067,2,24.46090952239937,73.35070513237227
20.51618553995076,40.918499706064985,1114.2301237129743,8,20.489097790934643,66.20209750906106
23.159190043519654,33.08814922387616,1183.4936058135677,6,15.654792218150218,77.85177634998958
29.98804611564981,51.19663001184678,1516.752703311117,2,16.10496033318202,90.98147610427824
22.87904856617314,30.35776228999121,1162.659354413115,7,13.390538929932507,81.91707933111346
24.617958714158057,49.04122554864104,1666.0436474922356,6,21.600154740134737,70.22461753933254
27.352681109839732,36.25924919238827,1024.9989858937445,6,22.175022181923556,88.73376918202806
29.436789507453597,48.84844941310104,1234.0853680866385,2,6.662874484173437,76.55502512631448
21.754026426655436,45.5386430923988,1514.8270370715445,4,9.846127121574138,62.05505493579667
22.124213759030667,47.34391565524731,1919.119996208746,6,5.352018638001322,62.00189386466329
21.32477612950562,33.61505670735282,1857.2683694193852,9,13.52386674371843,80.45212742101157
22.08681192247479,43.83891693254598,1325.6002039883774,5,12.274820353976573,64.71822006448231
29.956879445435295,56.78880560031188,1864.7323664037672,8,4.93873793676906,91.87196450897233
22.466458319173128,45.228409421067546,1902.8038240327671,6,0.5770304431135131,69.69226303092958
21.10053158610883,52.70577939457823,1896.8160791752975,7,25.007682077563224,63.85097612559908
25.023202382650055,43.58649903471925,1434.5263111079676,1,2.1751376627840524,68.80528577996184
24.56121815223363,37.03931988895259,1689.4554548228862,3,21.331712339087563,76.30130928798148
27.34490228945882,33.68329828659663,1187.6137331373209,2,17.663953484228607,84.03868416047865
26.209435413222995,40.77160427979762,1038.6767198939715,1,14.779714452460691,77.67379217139589
26.210702266888138,42.084182961399954,1098.7993275437675,7,1.554091825506374,78.9122501589774
21.50172634196033,43.35331518509382,1546.5082455132003,9,20.75590320303998,64.04242487840129
25.38274545985014,51.90269994964382,1350.7565854072911,0,27.7480438663646,78.18728130362722
21.203472435117007,49.61036981078196,1529.6571154960998,7,17.187331454964607,63.39384819262403
21.530255220213963,42.01688338628461,1660.5352671428975,8,7.675986826636647,76.1061781008304
24.501785568140253,48.58331043267368,1631.6347139345492,9,24.696387867372568,60.14423797781192
24.29072347206709,36.98773403191924,1847.3956285621412,6,10.955154959932422,80.19264551142784
27.336620808382342,50.87667729455613,1143.1051769409855,7,27.622484462627945,86.22364506793032
20.735715500615072,48.506636238037885,1836.5426514662836,4,9.295439071913757,53.26327834004948
22.787858297629416,43.9510486471958,1134.0026160549453,6,20.362582609033957,64.963183670906
21.652937745810068,56.13704538377151,1140.6015497610567,8,19.512862046045367,66.43892064888173
25.080881384605885,59.67153433028882,1897.7022242369349,8,14.391799747910376,75.91390632236421
25.792511525815144,33.892215875037266,1849.829581108728,7,25.875969475523284,84.1914674081221
26.38607928227496,43.295777618025824,1851.5977412346076,5,17.471964829862657,75.25176382432235
22.140257043395216,49.42487793686675,1037.2068852025438,7,3.329907540458863,75.0144709786204
24.175776484229303,41.80015037049925,1198.62522424261,6,18.470624103976128,69.36574478049252
24.66814180599299,43.140910417898546,1310.8749121436545,0,22.936053481520815,78.04604233404717
20.8306921561722,52.19017625682678,1772.0857079256311,7,21.71119540606205,67.48478775030759
25.70272908051244,53.31665481703489,1050.3176022812484,8,26.817107779448893,78.25428789721424
22.28517562664769,40.65991340311216,1688.890826156082,4,19.455960671298747,74.84338094009375
20.357297197814656,52.95666984491464,1150.2851690246343,8,21.0683111197589,64.64191192860432
29.645292782200073,42.51360621060932,1417.5932587170862,7,7.756313432988929,89.08843429796624
20.746599465577813,39.363068123724446,1907.1675791195996,0,11.895547620597808,73.15432864841176
27.304802408534588,48.59586683094426,1348.377743921042,7,2.0506823016824005,72.1170986136019
25.026299236106215,48.09543819655122,1711.6093599661583,7,0.0628265571446751,76.72156432900981
20.92610834786026,46.18534283672064,1619.5522508716913,7,16.788693093004923,65.97246106658439
25.239493543593387,43.07836640910352,1601.8132146884382,3,0.1949425875486288,61.53670969150112
24.342179614794833,47.40595643763173,1102.6056996132347,8,1.3163304862579015,77.38447783546265
25.480164067044672,55.32138505998299,1408.2789651901426,7,23.134022729385492,76.07661992033586
29.3500696830084,30.885380029218144,1045.036523776285,1,27.416817350951728,74.8678736943382
29.950503029569347,42.42525804881877,1679.773171668803,4,13.953181436568943,86.28935401350225
26.623180737805964,37.72919218018745,1361.2447810300714,6,27.20434275045516,83.87525695191415
23.54130272076084,34.5349059413692,1712.281768748431,8,29.27369740216594,83.45804939133072
24.391570140323367,53.03415959323223,1982.7838546992168,8,20.487670160811536,81.99682840223484
27.75515876532632,39.848106673676696,1355.3852202147957,8,6.843562851288679,86.64692164178189
26.286906188021035,40.70675768151472,1384.3252560857636,3,9.713536759245526,75.98238074965289
20.979909211456427,58.11562860796074,1179.4861922820678,9,8.577365909079408,70.71436235851863
26.515860600727823,58.65666760689435,1389.6982242952515,8,25.93440019060957,81.7455295095431
29.686160083513528,33.99960255410263,1419.4620608172213,5,11.944144266638828,85.18255250346287
22.36951967063015,54.38705918903003,1167.0982004816349,9,25.046346709338543,75.29040593436996
23.927237470201163,53.67575902279949,1193.2010252507732,9,6.517224119794784,85.18197378804605
20.826652146717024,39.19961425336057,1573.5114805655037,9,27.63778503586976,72.76703721222391
28.23550800460484,54.70047192364585,1419.6413134686445,5,21.388872539169117,81.81977544986103
22.89496303791875,54.115116406603335,1364.4710914438915,6,10.789183244331234,78.64588465860416
21.6399808241071,59.41123031214243,1258.09651534508,0,29.85772332971616,66.95161483968974
21.631350503011426,50.47608150964855,1888.7015821044,4,5.67298741622467,71.17906441062561
22.77963692771154,58.58018635300594,1226.3187266326547,1,25.21007390326529,63.861910204942966
20.07062522868663,54.008592805457226,1457.8643272330607,5,4.681821390806382,61.130942848363965
27.487555976570334,38.514506831605054,1130.0378302522874,2,8.811531070715622,79.72428614261031
28.53814894005697,49.96585219450951,1512.1380631149746,4,9.808761453648405,81.89398685671573
29.2570243244667,38.18426699137763,1293.9739795020191,1,21.162985036687516,85.36040306812063
23.02144911808179,47.87589415373565,1610.793389093792,8,28.05386821077091,77.77646909816677
24.741303614194493,38.02144715813855,1896.9408769455067,2,23.23288102375323,87.74800460069132
27.403154678696605,33.03160262596282,1237.3459923520145,5,14.199556858811023,72.3960115782119
26.506372227822904,56.16762904744485,1300.4430831373002,3,12.832198663444268,69.56901196476844
22.676177223684753,47.26094946562805,1038.2548224651764,6,20.966303827388895,73.2522162580531
23.89271280785603,49.395078840518686,1887.4370391731056,9,3.0707091217565265,75.81440197116459
29.052408789936464,39.08467957030161,1221.8467155573103,8,7.374000375157875,86.53486772687651
27.30842166642431,58.56743563116402,1239.6202801239697,8,22.210965173901513,81.19093782580337
20.76246135401603,30.50361681291639,1736.014902844016,4,8.830312238974479,76.93645309620132
22.06278270177169,57.56876666379654,1204.3719003385525,1,5.364319369730417,64.5953373760119
28.883183855816185,39.63866758953277,1600.051332782194,9,5.8711643019080615,81.1090189124048
24.12705094945204,47.96403459334165,1188.1040769652068,3,27.94493487517636,70.25774284987176
22.045109984787786,33.324257898503895,1735.080411205346,0,14.780811547512627,65.98142190071894
23.469313673719093,31.1850040594187,1842.9698334803177,4,4.066659492203416,76.19515389291618
24.121989217611297,36.225319248747894,1636.739575096052,1,11.777568179354464,72.16382017990225
27.55284508228243,34.53818230472783,1073.066165861618,3,17.600570713586695,74.11809532316923
21.33084051381747,36.94767020118629,1518.000607262546,2,9.506523032471629,73.92814359788368
28.54821118816656,34.65484006352291,1096.8574341241738,3,22.825421881860592,80.51166202577497
23.798081761570703,59.35728858868117,1138.3768161488222,2,24.216529182808586,68.56408772167514
24.76878004008374,46.22169249552975,1075.24160687709,4,17.881958206831754,71.4275936133967
21.301536970709083,52.101508633912886,1924.9997939403704,0,24.40168326322818,64.0769676381083
22.72197376460728,35.89964365502057,1229.5579899535535,1,7.759617922072195,57.48444204410177
29.458379717387388,56.40345028566804,1724.596154301106,9,1.3999899323588116,82.59776720138095
24.74355526681912,43.279525236359945,1252.710601519103,2,26.163305513971967,77.51805130415416
21.52426617309369,33.25524914434561,1381.696147726456,7,11.54903845770297,71.01713960978869
25.521470351732273,48.27578381746096,1300.7040976874428,0,10.146022908205572,64.69791035517181
26.20669205199192,46.43151994704209,1659.1480964987,9,10.593930470183643,76.30888108689255
28.49026590088053,44.504041189032954,1844.7772007556216,0,29.35010468425103,80.0038474890762
24.285688244951665,39.688554867244385,1194.8779926397324,3,23.389266677092458,72.10407562222572
29.580869515395115,45.41719161087126,1400.05846191636,6,28.04939870613846,93.78946764246312
21.956904000252557,45.7831224913396,1520.1424966650534,7,28.462480938915768,78.13896312348292
25.16589293988249,39.604127619947334,1520.136081504815,3,2.933334153619441,87.32448956439137
24.01594208770407,47.94053553498296,1568.2833403281447,3,14.99383660057842,74.17904403679803
22.788163745855844,34.07807563816202,1710.94924654669,0,17.946251136870536,69.91514117978062
26.040894955045736,47.538231978862726,1494.2672203558873,8,11.35995327760961,91.59435479545417
20.796724169393286,34.411356370926754,1294.459690635765,5,26.34952407916873,76.13895450681913
24.951479078272804,35.683034671331846,1607.748928093796,9,19.996572878842994,70.97691337938971
24.740719855085935,46.133899775987565,1528.481675896865,4,26.28441195838419,79.4339400188436
27.35805437126441,36.16290662042438,1054.1714429296296,3,27.755802895835703,77.65217034892018
22.93456303023421,34.016836004984576,1081.9823539263905,3,9.55963797370189,74.11609389205148
22.170888734920588,41.100628466080146,1336.849287109329,4,18.726304845005934,67.63764065291417
22.05580615441809,47.31027361626275,1314.007738288631,6,29.55972039273647,72.59022722499552
29.82050357558108,37.03244970007737,1657.764637267109,6,28.835620555354684,85.12072843207085
24.52923700528654,39.48944934390285,1587.9297676463725,0,15.923690864342898,76.92758507734762
29.58684969243783,53.87531481251021,1604.5142154813898,1,25.676818071111775,82.96293306052968
28.961065597258337,43.88354637574899,1686.8397802470236,0,6.322472386123138,77.22008603312915
24.409070367689715,43.31585056823559,1311.4164767091163,3,20.391466373552067,71.13106167742689
24.09961989407236,45.08272117889667,1748.2362667815878,2,27.23745792411095,69.27222198435854
26.609641720351465,59.72756652655453,1796.4192861405195,7,13.965052720209618,82.23684827593902
29.33981338353756,46.06150305882551,1774.894356386773,5,15.410563182571796,83.33161598574218
28.045369751086035,39.32440919441908,1120.3265035392749,3,21.23633845733195,95.0709621683288
24.744753025036477,30.167451577559692,1866.0889864799233,0,8.620037739243363,79.80025010450828
24.939436141326404,40.48957381280836,1536.626802627764,4,11.4861751413587,78.73050081593509
22.553950124150788,41.04818250308767,1317.1613295680822,1,15.189540736366672,85.42767734648194
26.07494158212376,35.517320879415294,1531.8853160440765,6,6.3192005989780125,84.03168982758035
20.632690730111605,50.95243488485451,1004.4065498330264,5,26.359009590054157,72.89058361910637
25.71473453511247,42.298665365352264,1999.204208464013,1,29.565863391343647,75.6149818889058
20.91479245484502,31.71009383031899,1486.7808684517167,5,4.306860347577192,71.7896472154404
25.20534149358047,48.64990087503028,1533.2081723832955,3,4.054742652650206,63.00815765839373
25.976524064860275,38.48415291778864,1595.4276931480083,4,16.2052043443528,94.55062457295648
27.72641369132929,53.33917901612849,1751.7226232599996,2,21.647358382497895,83.5768305363592
25.25112028155413,33.634974769812565,1822.8779327096152,4,4.462679924559346,84.69317340818874
26.39275137551011,52.94652569545739,1387.1175740254912,2,4.670368819612766,78.58613842129708
25.403668920903502,38.21610476774064,1739.9318744254724,2,29.11892004219975,75.64668454750125
22.65582435237804,54.16381828595459,1086.4759569750108,7,8.77976319994638,73.2068674222959
23.10978491736091,53.8319018791167,1483.8715001969092,1,28.162491048784744,74.33393532360886
24.43071127958496,37.298421020130824,1423.2985933354885,9,19.145163006646165,81.30053662729328
23.768468456818773,49.08568112892719,1312.446456611222,7,16.753370198956954,78.22920748795471
25.673183798344112,55.437300177719266,1353.5196976926484,0,14.255247441241766,75.41031586036098
24.12875170299725,56.93177700607938,1666.7137127092624,3,24.837469269745476,71.18623045897634
29.53401925351112,35.29794526902682,1949.3384776642547,2,9.666940422574488,92.8609254933263
25.96679015594368,38.733821285228224,1616.5585118018594,7,27.38824466728665,82.10276684430163
24.74086027042263,45.39176155603927,1685.6746590412488,4,16.573861066473718,78.28652837883581
29.95499538529091,55.09653944204392,1107.2029804321808,5,26.99403988634975,86.08746919457022
22.253937767754437,39.75479364053831,1899.08752553056,7,26.926931292996855,74.57680497677092
24.543218475802412,31.32913857960157,1556.6591447905705,9,9.653999290542265,90.53846528743108
24.341976608271324,43.53846921199087,1332.2874186119748,3,24.952276053985926,76.76832119015009
27.605576132408025,58.522580321681176,1573.324025870755,8,10.052394317103076,86.41515216046992
25.71536181264341,57.644341784000936,1623.7826773041693,5,26.93957739166851,76.19438265142527
26.88056181693612,51.62348564090799,1118.1674861956114,4,16.40120436925499,76.9339196411834
24.119764413264544,41.2256141576802,1291.1083800681697,0,1.887773804376244,71.05504380693068
22.17423028089874,37.664926653084585,1566.1811448102976,9,15.488634141415256,77.39615132557863
21.46866746090135,34.52321016487253,1666.9390640478302,8,28.99059534152058,70.65426607453617
22.547048748379524,46.118251166137114,1722.155626137732,3,17.526641790456683,67.80754950018792
23.95915995688079,31.208977419142425,1730.5310895304603,2,2.142625933583735,72.0717496237688
20.684440013800035,38.487999343783315,1284.5311450403722,0,13.510404676859723,59.60890188505656
28.000336390112764,57.80399002713988,1291.7759539679073,7,5.304088924379312,90.01159284299351
20.68728253080148,34.002304053585355,1801.9601834503444,6,2.4631038271878825,73.37704700964338
20.3729554435034,49.62542404756125,1426.729099685438,4,6.6778006021143375,70.97874709212677
21.992942809454743,46.86319508507337,1559.1884565676196,3,14.646472740867877,74.3795743154023
22.222802352583667,50.01013663255847,1314.5127603969,7,0.6575869823376901,67.64237008316105
22.646559515360728,31.241662765634143,1365.621979533984,0,22.636324752620208,71.53539589665067
20.14509495003621,54.14669940289325,1021.604251765224,6,20.02054349274434,65.28898283111768
23.852435159678947,34.38852564842371,1829.1570542530017,1,1.066889835272945,72.43112712908069
26.82715303111651,52.87742397945871,1262.6298727324445,3,24.092048894174027,75.68903567876515
20.983492832936335,54.436805662529,1360.452426406476,0,20.944537235057737,71.77872060518372
26.94394100605918,31.957600094305818,1846.2665671519617,0,0.0684567428635662,80.04392593841625
20.918701288551315,35.61912354876615,1541.747142132121,8,1.5465923690176877,75.3694376988319
28.798483581137877,37.71604786793632,1091.8352610376628,7,0.2983334028802709,86.55059850127053
24.480359303565752,56.39299101425003,1184.7011070061412,7,5.728590972409617,71.93814969843436
25.643102418817787,51.83971390010837,1196.7616728314845,5,14.017385026321564,87.13708266107015
24.217179754081737,53.537760856682624,1319.8096525171284,6,26.676689670730394,73.58696136798733
28.0306567877647,30.400534189937023,1185.7144181293863,2,13.43734792471181,90.72509867918768
23.365633197505517,52.01581684304281,1582.2214315214576,5,18.349740426275293,72.9962814909488
23.26041504798717,50.94770948699049,1326.2245678325598,5,28.838756149475692,85.68075277503624
21.14941244491787,51.286700376933794,1979.9327493232413,8,16.444138046110876,69.30518444855907
28.17756623181555,41.06552862909508,1406.1936180732778,0,6.408111896203823,73.99983940485824
21.00449301006466,32.803719694818064,1188.5065754058612,4,0.3417810546037425,70.28576213853393
20.957066151123065,54.45741560735707,1801.3606110591336,6,20.881790658921297,75.17636554806667
26.970114943272577,46.54399813709438,1740.2115580379896,6,2.140057381957993,86.71559756482247
29.38485262640809,49.77790579108418,1950.0403523466268,8,24.159661239908704,90.45215551215163
20.98606705236942,59.66964946734221,1764.5174422999548,2,8.495498820113351,64.36966291489324
22.93476988718991,50.516576283321065,1284.5983249577748,7,24.08005224392808,68.35678498918013
21.301844403765184,43.89441180114769,1157.2400578055915,2,21.226246236677564,70.38082621458054
23.976741866578703,53.50082640678552,1280.723493621501,4,7.347493560519338,77.70804435496895
25.680589088901204,52.69300848098683,1665.067602940079,3,12.682597262372123,68.52149457374996
28.298294847142657,45.34493089547412,1908.7882636690144,0,11.433880464614615,77.87769146042558
24.284339182945683,50.42035656394303,1016.575489102942,2,1.743926333427569,77.73573441216783
27.766342875686796,58.50555770627237,1341.8115846534404,1,21.061106246917827,83.24548578666972
23.973212464134896,46.83211679360677,1698.0413151788805,8,0.0066421051905973,80.3018182837614
24.69385892988708,39.95088081493627,1873.0146496709683,3,10.97602138289583,76.11191730004793
24.524151838744043,59.47546094692544,1601.794427710037,2,20.456238319956324,64.04576014798012
22.34272771689294,35.84058972075334,1317.5415391844942,7,29.36612555299477,77.01609483925165
23.18850676880722,58.8711176120796,1880.0331106789029,5,9.79157509042833,78.73329793345887
29.720490669609397,32.423675734433985,1836.4250579001405,5,5.494192274123105,87.44225579139471
20.865100550535335,52.23935393439355,1765.921208488337,4,0.0875029848696418,72.43118969395067
26.320865441272908,30.717544520178016,1288.2591827715416,5,7.871969156288228,76.7162449831054
21.42544509540756,51.56712435991171,1693.3549077795708,3,14.943250211404967,67.80696760106643
25.10085138929034,36.13765007459537,1816.9609583847512,3,15.272195456978736,74.66520658582795
21.926454263540705,44.60597383641913,1135.054164941908,5,4.858260889383498,77.02412225998496
20.251569643455724,54.34084196164112,1474.9972444248765,0,9.870605600330952,57.90048341076686
25.12261404419632,31.323215755101597,1101.8625409853607,9,14.987521324538864,73.95195603161895
24.444099741792108,44.292289055041905,1706.9110683725337,2,7.42218110952772,77.15892668556708
26.718121775724832,48.10132014519204,1115.9258770327267,7,25.13730273323663,93.00944697108928
22.46536270315424,43.03348623944858,1514.3084227814595,9,16.659415475802955,80.36211598533166
29.659884078808975,34.04228576725174,1568.1926339771755,4,24.6462462796545,92.52121146546573
24.293021662036573,32.05925208438267,1953.9582653810317,3,0.2688756353115595,72.66316703041736
26.527038227583592,45.75926968525437,1208.2781179448011,8,12.062213437439992,78.20231068064139
26.904066498378786,30.249199892580148,1062.2124100945002,4,9.694658634187906,90.49170426163876
29.49047183460199,34.62720152445394,1232.0894046031372,5,4.543835829906197,76.68183997746894
26.703875046532723,38.37927804200449,1422.8399067703267,2,27.41540256954928,81.51851629194611
21.829342107877448,42.41534004825917,1874.4127648209997,1,20.158499323831904,67.31542829520717
26.502391544119632,53.38212898002397,1079.8116460659808,8,1.610798161037552,79.4966013466813
28.12697349748423,46.254173931169674,1351.9103661587762,7,9.621473405022783,86.44733860392547
28.40625304472844,50.725261835161135,1439.869567774626,5,3.955794406701688,93.6948065961692
24.64643325300053,51.58216767060254,1491.1003755402407,3,4.891749959899164,79.48953462894329
26.6936445616103,56.49109548662618,1765.4303015054015,8,9.45555688112579,71.90487922337948
29.211094917959663,36.39495470853778,1977.218510388948,0,15.397317181268305,77.41385903979514
24.9502464845913,48.104406870840776,1513.0721280168027,0,23.679664769541585,68.46853359640598
24.603616046900527,47.17522363749963,1280.2391590246698,6,15.122463002038,72.99317043236167
29.591930852745843,57.25634010944211,1042.072049391753,0,14.328040460972243,83.22600601472266
29.876548794672736,39.6992426219548,1181.7465160527408,1,13.21165082502026,80.43141463610559
29.446483884084817,45.99409146652663,1702.1567646103554,9,6.392152775981195,81.66465477661896
29.599437093757142,50.61874930817616,1006.2253670153716,5,0.8899838886035216,91.90838131284832
22.55482900038605,47.79164857096558,1130.0024035495549,2,2.1819075456304224,65.67603413159378
26.148008677161226,30.738404139032863,1468.417536241663,5,23.691307943920098,76.23584839186987
24.929424795657468,36.42623783866016,1341.9076445289347,8,11.487227064990044,81.5468009875772
24.797543324434216,44.307457248485505,1887.09463630995,8,6.746035149309819,83.75995734706586
23.349864394754334,33.098463609546144,1721.5212775764726,3,5.524544063485781,76.6397294517093
24.600721682231296,43.6462271467237,1854.877725297601,7,16.99570717177904,73.62997122390698
25.006287023064058,38.08050133248584,1766.627015968677,3,17.590872438887153,86.84928585114606
20.703181335499153,41.90536534949858,1494.202547841193,4,27.689632129191825,66.84867535430931
23.474394293232304,39.7622402471051,1602.6431876040556,8,13.960286532169702,73.05780673555262
22.85977794951259,37.401125537824,1508.016302344838,1,7.000285570271645,74.1265371474243
23.67904809163135,34.90069735554752,1148.5566040017493,2,20.450404726752794,79.93849946694492
28.318388761251196,40.43914066705551,1171.7321248857854,1,25.900730335369506,78.63688457616405
25.30446488587485,48.43951185783536,1886.218328445591,1,5.689415414180454,65.44542801992745
22.092089696606205,50.56506500756257,1946.4815327790252,7,20.756314399031403,74.71188395531024
22.74014526638077,45.29156764529621,1278.9060878201642,7,28.701184192216456,71.56881316922764
29.248672781725872,48.0876757991133,1025.0398672448712,4,25.6833137485201,91.4909822926206
21.43070683050125,47.486882868339165,1481.148287136792,3,19.351659623893525,66.97225233849409
23.77869184160053,52.77726685814801,1867.1676640569187,1,6.5508390965453644,75.67917130358867
24.73198341016048,36.34139879582994,1669.0673140921017,3,2.7416093387136375,66.82945799702419
25.597789190873172,36.56132746258961,1473.0986869096605,2,7.205338690152643,86.7796195617193
29.743729598527914,34.16691651096019,1249.7939869635893,7,7.745269764887221,83.34114367658678
24.223266328419538,49.20816170789944,1228.2969234585253,2,0.2514752011620025,66.15000122161268
23.32462540281946,36.3547755700819,1241.3833610729462,0,17.02774375554678,66.17761964929294
28.303891886436553,46.03217441036166,1085.150030095343,3,15.784205729515287,94.17851811048914
29.625555535081773,39.95413532566071,1498.3211139128782,7,9.111346399611028,89.63251802091851
20.61257094488445,49.69353548623387,1991.557953540236,7,22.236551219035047,71.85136903241968
29.9276764526212,54.17914066196567,1182.7094599349698,1,13.395787732756643,85.92555320264866
27.326781917303677,51.07481120810857,1920.44077996975,0,0.7025888437679417,72.64321480838069
21.841436693394616,57.52847927303965,1214.5755495658568,1,2.91592500631908,71.36935558590424
21.11869314588258,47.80595112279089,1883.4150244462337,0,0.0557631122180168,56.15820640429485
20.751795991734028,44.10279929107424,1960.7019967770811,5,22.33604308552978,64.15908028277804
26.16994929838213,47.69281518219832,1153.669669465845,6,2.9114908667427617,78.55300132169354
23.17225963253787,49.577710809498384,1723.565007725351,8,26.687586462554993,83.95704997280212
25.272816356960263,40.1936364187321,1047.033693460609,1,6.139847720390744,71.79237551051598
21.800785772571857,49.950244747208615,1700.670825645329,9,6.812825820132936,75.05653078298293
29.6721129967827,56.54390695037099,1196.241143765197,8,2.5054404978352887,80.48703556235982
25.74488749603658,58.604663687903454,1125.725340595198,5,18.971906543766092,85.70653026443098
28.37152111176624,58.461654608969226,1614.1875823894188,3,19.90845075017041,84.58609727444954
23.336911733784294,46.07180199561191,1444.1292177596963,4,8.829936835497605,71.58907832757887
29.07327456026971,55.48688644483778,1914.4521285855365,0,6.27150660449027,79.76637419566994
24.49606284096336,59.55584185557464,1783.052711929045,5,22.66624404831122,68.19559790535749
24.005801562854373,49.42088782306777,1711.853653504002,3,24.386163896806153,66.00177993173611
27.922213491090368,44.01894862520544,1858.6649439089797,2,11.724683978729242,80.5143962201336
24.04782382798048,54.58723427149225,1758.4183587263203,8,14.16224654209328,83.2193950399079
28.8373015994737,38.597513879133174,1729.4509901033314,5,6.658910551043328,96.24479646780536
24.100296887276173,40.03157327285523,1892.4238531930664,9,21.794893964459988,73.10864189200338
20.96062912916994,50.87546353263134,1380.0443536329788,5,26.668404936346384,69.61597783748148
24.82875708726147,55.59731295483195,1057.9928560047108,3,26.099707011958852,85.17992011721516
27.70701191450814,30.197259813469586,1856.8759492709137,2,25.990387362582364,84.49219676792431
21.436573616730698,35.16035086728409,1545.7860300853968,4,3.345312384513851,70.53600589636218
21.86940692212729,34.39734416530846,1189.8486544303823,5,21.28429735819013,60.49180013829193
26.89542244973883,33.03578216521613,1757.0838611695565,6,22.39940595914656,82.16772173437849
29.84140366449989,31.514424169382135,1549.1527897096855,3,3.058343591462042,81.91204080431203
21.62325003803798,57.409256270075105,1090.6316146789638,2,10.88501214353056,70.01666703086599
29.97116493486008,30.521684158544392,1868.887373060341,5,24.148118145969494,94.07625484931792
24.475683087833907,55.10140768788186,1121.2944759132572,3,26.923871368929618,74.4007924032853
27.746699927274634,39.67821112809722,1390.0327945161723,5,9.23929959085389,89.50707092353817
26.47898939541043,53.26256144039128,1491.7439494526384,6,29.39875843725651,81.44492043977603
29.661390791489666,30.625188424257473,1073.071787839585,7,17.328601566894132,82.02665399387878
28.495385710926836,49.57003640067545,1217.1051616117093,8,26.799849689981553,86.58971960151044
23.67663813481401,38.60024470020032,1911.6396765899112,6,14.118308369759774,73.31338432781097
22.976247258235674,49.555487130201506,1015.9412332761528,6,11.264707560596792,63.94519034195512
25.556092091425032,53.10644793952598,1109.223795210026,4,8.21605886804948,71.68215977091921
24.35567264423292,50.65458482172584,1966.99304665867,3,10.243937779988402,80.88488370658571
22.49358411822166,30.691271803169013,1754.01045027828,4,26.903881995062157,69.36518466401643
25.028103588292623,54.247296602487154,1504.3926724162768,9,19.21904149438415,77.11135724587183
24.754216120263745,54.100809058750386,1314.1090098758605,0,1.212165647749407,66.83338950834204
26.6601213737628,41.64496549572985,1185.8941762127454,7,8.453895465650689,86.27594100947952
29.940554446469335,51.64890691720559,1581.5139318893669,8,10.143450151770471,93.67536718801192
25.292793135640693,56.57839324772719,1863.0379803732485,9,9.645916200010936,78.51637753836398
29.83575266854268,34.78760835547857,1792.500538107311,8,14.453882313271194,92.94947424303056
28.323080559092237,40.20273701393839,1857.794298328476,8,27.629569058622387,81.03512874471366
23.530543021975223,45.031084113017016,1126.4994089110364,7,28.954380715345145,82.69984871990366
25.485925419891544,48.30514745987267,1091.2899080742282,5,12.940199034978752,72.51616454377282
29.103356619413912,32.396450934122335,1049.1554928604687,4,18.6252288059018,89.10422123551844
23.60485466648944,59.20251242749962,1345.880429219911,2,17.479406445243104,75.10348087974481
22.20113546893045,58.287339260553495,1388.750560894454,5,13.466856250277743,67.4347673094004
29.647247508826258,56.630482788647456,1930.909344365422,7,3.772035157205731,87.24482058496623
22.539922369298097,49.5899181768322,1600.2225069450028,9,19.305479196836465,71.39509194269883
29.156441420797947,35.71379302365204,1080.115793281415,2,21.90718983027739,86.43309225941918
20.792397525942913,41.96566757604189,1241.691331397061,3,21.47222101066622,68.2435021615015
21.76621987431695,43.39761996195179,1872.3085933006496,8,29.063760714653423,77.32618941148577
27.41869692624722,50.70620208107334,1215.5839177658047,9,2.414500700882293,87.63455303671404
29.598786880062494,32.499683593213675,1688.787751827305,2,11.414886618525449,85.0477045249641
22.883364314842687,57.85274831412688,1828.996905788887,8,5.829146694745235,73.25681014128338
24.12386223578576,33.7955033014236,1370.8351556699013,9,9.351029967116189,86.13804177699438
24.920361208915196,59.293091970085136,1250.8850297838906,5,11.105180907483383,73.30170849678505
24.867072170252865,56.90693871629079,1872.040324005975,9,27.15550741192109,77.75822606497373
26.41607206424367,58.010149677257104,1060.654758639418,0,0.4503293352489157,69.980899727324
29.934091916313783,51.02698500411167,1008.2809939019576,2,12.041117021785311,81.71962012715123
26.641326048873257,55.26262006468035,1004.8054404676876,8,15.106150698037643,83.18770623779959
29.531472293221334,47.136635516653925,1740.7259870719154,3,25.730082954167365,74.50066582241101
25.64960484800747,37.51772636876434,1972.8741405318417,4,21.769579215094684,85.30242790679038
20.5867099546166,49.4076094331723,1060.1018098967174,4,16.68383143497668,68.1664191683244
25.015098891974645,39.80485801639829,1151.8399204655066,1,18.05688062421043,78.27308086222502
27.08520039788453,55.76623296778325,1633.9588263014853,5,5.863375030654935,83.73032136926082
25.46302668912395,43.33426882627777,1061.8133298960252,3,6.616040041469074,91.26509966618862
24.932757632110256,37.65871505229623,1143.834081236962,0,6.538046915494116,84.27007059707874
20.72985222134071,51.52162743593951,1630.3169932267913,6,27.399327982323346,72.99259684812475
26.59486599781533,43.34592017772265,1337.231850134397,0,24.854366733932206,82.85963588574896
23.94562057733351,34.18784623384707,1449.930686038694,1,26.59390736020392,77.1941932078873
27.43320713790137,52.27813671052308,1753.844901360529,1,19.7000472070482,94.62023821457578
29.454844931271385,39.18904980594537,1279.299706810736,9,21.63752985672532,89.00357444759614
26.625763455465023,55.98718707374055,1057.9870384690478,0,19.49500804937485,68.83167001425691
24.20913823846028,55.10484935868635,1310.2166279124344,6,15.717498873544177,84.01097145424957
27.246529070906323,36.55317638023738,1069.90463951935,9,5.686641212561088,78.9790545188001
22.875581199714567,53.10523438034692,1032.432519113733,5,21.07938414081246,67.4824550310811
26.490491708295153,59.587972789586246,1439.4568467117188,5,20.626817366816496,78.8322123678672
29.847835861620226,57.01353258961778,1250.502412039237,3,20.195806808130857,89.16170791211029
25.750670316104028,45.98494058298888,1911.4358314538904,1,7.607161856892564,80.90873748636218
26.211521241726768,56.22313075855469,1145.2385860770094,1,3.207135840754015,69.84644934130478
25.271974275287725,37.92865642036728,1888.949795115892,9,23.708442372263686,93.61749392822172
24.68514769489026,59.812353285643546,1899.374039693182,4,19.010074225237844,71.72043318222806
29.989584102205143,48.61326427899521,1933.022911782375,4,14.99413604981944,78.84560725498649
21.762517070510704,46.152613038274914,1353.9164908148057,6,10.675249438033063,73.12301845544222
21.301340593724515,55.4453629868736,1697.483282587737,0,26.892402971700516,63.87007076935118
27.12107588004428,48.23358400905633,1396.999365067413,0,21.964968118161288,79.85590094565664
28.779058737906716,46.13660980635835,1531.354851435157,3,1.9565137333588511,87.41590659136119
24.346551085684084,33.72474822634778,1184.3206353547969,8,12.175546457869885,78.57276368394248
28.04969082646553,52.792683730712014,1415.155001179277,3,28.150951412943147,91.41236536705472
27.226570854641658,52.912813213324455,1899.075864457624,7,15.507894308470243,81.73188628959403
27.875945657487797,41.81840052395065,1796.8071571471378,0,8.364369433841473,79.16418646600803
28.978869613857775,51.24236023166594,1089.512707222751,6,2.929443963598372,86.15217410784291
27.06668311200859,56.01806487414403,1745.3950275942038,4,14.83752518836001,81.36888676528652
24.413828893933996,51.7147260691015,1142.3236469325589,1,9.115813380848213,71.93956193748485
29.76420304471216,40.901013453169035,1463.830142637306,6,15.3214993359711,99.20111959032307
22.11281095529103,52.752344569314765,1603.331728444837,1,8.886757104233098,63.12270832376059
24.940660004479184,45.4215969746479,1121.270733831375,0,16.14057289249767,81.98142865281332
24.577256096906105,33.41446259716387,1922.0986385666745,2,12.054475448104215,80.25248579416566
21.2528032890315,44.90855785547373,1562.6039328584338,5,24.053234152101073,71.29929557890472
29.88439348301628,40.98758783309867,1329.9788443468512,5,24.55518798621919,88.01461174915498
20.64424767076612,54.8471999435972,1798.355879296016,7,5.769555506788077,66.26932558409561
28.113887281813575,36.61340148791852,1409.0517201384646,8,16.788850988395858,82.2669388259017
28.1301774102285,35.99403489558383,1766.3201904293587,0,8.176593434955882,87.04307524865446
21.088594927897752,41.24566051545756,1861.4750865389128,8,1.734681288890938,77.37513106047973
23.776360320205395,40.34706645405912,1157.145018151006,2,22.022290946634413,65.98179416664804
22.234645566475628,47.2299882831905,1855.5026675111033,3,25.98746490153155,60.541459621843586
29.082098865698732,40.039608632023146,1774.5115668553317,6,19.173012188819342,92.04714123962164
26.59340244917716,52.41616512587549,1210.743887940734,8,20.440697589911338,85.23654873673894
22.162619666534543,34.69720843713981,1104.329446884832,5,20.539659958454827,64.86892378660065
24.600268640489116,58.78197615015144,1103.331647162755,1,12.41549515206669,65.37884108866804
28.87070395110097,31.76771768074004,1915.364870491161,3,8.410630941815237,88.69140252262352
29.963232904230267,52.72792152460442,1419.5041176597545,5,20.743113531782853,86.91937064261256
23.751219493408858,49.32718644567024,1603.5759297573627,9,0.1204187478494189,83.90650416809571
24.791798073571503,30.570375318606917,1499.924579453643,5,3.4970163324854555,74.11456005939908
22.296356705864575,40.901361687051825,1568.7501083931695,8,21.578185695633813,83.89109970828049
21.96817759776177,50.378930021339286,1709.3905444640718,8,2.938315981249715,71.04837024273033
25.040550991673097,44.50249175788367,1493.8249195911833,5,22.54505033633447,81.67675119829586
24.79052751579664,52.75583247356465,1514.5333627945024,5,17.730160497067992,85.43330464899245
29.759457574755857,59.41249913937952,1979.749395852546,9,10.608493203120643,71.31149601141918
20.572217098747668,43.97216215324313,1828.6860364040413,5,0.0357933728863735,71.59494171654234
21.491110561304424,39.488812216596784,1312.015354421691,3,18.42206759420307,66.63194054734754
22.810125413881728,34.475901727672024,1833.3682411661823,4,0.2012928602677977,78.85915530885171
28.080265460825636,48.26695805067757,1394.596753319072,5,5.182709251580172,82.06410931182897
28.15378415557783,47.01248625543983,1938.017891148901,8,1.470031091268924,73.07513597606074
20.095544725988955,52.06206831690015,1659.906260243137,9,29.044392024066763,79.16619554654747
23.89145752035277,40.83516650897284,1446.904014175665,7,5.827030822836161,72.79751943176964
20.138530462730756,39.655526378523994,1838.9723265085297,4,14.259082804840416,66.47763445626643
20.179111779636223,55.52842843307443,1859.3921330518328,9,26.383462265326735,72.80385072265209
28.07737837340109,59.937571183545074,1462.9856749718806,8,17.560564472949697,76.06738490848045
22.750874235927775,50.50700614958035,1698.6343647631584,1,19.710776968799163,67.98375026133883
27.123791012042265,57.19010322051959,1992.6197087601256,0,8.454139099224427,81.38657107491966
27.28332920491556,33.86674061369556,1221.2270923756796,3,0.6496502690263839,83.25094380654245
25.014993307259616,57.38120407289534,1427.662529539753,0,9.42554896884608,67.17457319395716
21.466143655009272,43.33701786313303,1629.2869753530042,6,3.405497136800504,67.26120660342814
24.41325947637711,51.69606743472684,1781.9840715868645,7,10.424257793227293,80.34560178833401
26.634832086508275,59.35682410874189,1254.55319704182,1,9.951708145447087,77.04056884934522
27.529605083656385,59.79625782139683,1624.014307387945,7,27.23630976866811,95.4029596891022
20.42362322191651,46.83908812406921,1696.3951835511823,1,28.96250902948853,67.29060455788681
29.19613110738682,41.38775947429426,1010.2717091991292,6,11.899717731813295,86.07540331472565
29.132278473010224,50.810241941962104,1693.7589512808463,9,11.834461825064787,91.0071222812532
21.11310768302797,58.70466868743349,1226.6708122120035,2,8.584429357474217,66.91801210715869
24.966378373156623,53.28907382113385,1007.7091089431092,6,9.34377595934692,67.80192844905321
22.763581036685263,57.97721768930611,1185.390826766897,9,7.432685585561432,72.79116253829804
24.65059222522192,54.45885404545826,1703.8443100476263,7,15.966677470444177,73.71892622999403
22.409574710479287,38.40546242411151,1474.6458420330468,3,18.311245952118355,73.95422052947721
27.41253712412604,44.60920859281848,1490.1453193710336,1,5.442467943096904,79.62397199797275
28.033311269371296,39.3672111413526,1594.4234097990452,5,29.800950329484163,88.68436418642132
23.508825825876073,33.047467611643754,1886.0887956467052,8,14.299373703489673,81.29991310728172
23.145295623453844,47.356941068072146,1452.726402722648,7,29.381936075669433,70.67916601591584
22.430862898122427,54.413487936302715,1504.0298871143814,5,24.67478243043528,65.17124623925778
20.58377649556324,51.74602878902359,1297.638692492979,3,0.0598374204552598,63.86954231299019
25.671657767932604,59.96908490414602,1898.1754808993956,6,27.63577612602339,76.93700355293326
27.887454181933727,38.85588181573885,1881.7402531544512,0,13.751586174594784,77.43531155028174
22.612632063543114,50.44744232895708,1366.2069473305537,9,19.589102315436733,77.03777489000016
20.128737577453293,57.84404960296307,1318.1843880881502,2,11.97647666462878,61.4988615645802
25.480452458916943,58.39451437723123,1098.4957876521803,9,23.08751424350701,87.8886308127343
20.220086774789458,44.55551097221861,1586.284522231318,2,8.202103135717019,61.89641476528576
23.796757757044343,31.885487581000984,1751.0716085662878,7,28.31338441394594,94.62784881900978
24.250220009206,53.40318871289165,1221.6186303175466,1,3.6489776097014226,77.22028479810245
25.38331635956952,54.197723552995896,1994.8532337170177,1,17.175717983827866,68.5608633379115
22.514234925379412,50.69597172997662,1916.2943137907896,9,13.50053423515493,73.59698894167262
26.535222128965103,55.303835449618575,1648.500812815325,5,11.16635452144608,77.94474788452226
21.844770768163816,41.69973153729126,1485.2104865274991,7,6.622047897210475,69.71608824565111
25.815971147012952,30.340829665475766,1040.028114889546,9,28.989124918614564,92.01258748997904
29.191259427700007,55.32728849118323,1398.6956870566562,3,26.77566887238388,83.41231082362565
22.862277371468473,55.5580383716731,1907.7603077447377,7,8.730163808841722,82.21564364553204
22.09146786634546,38.18216646209996,1995.022125751578,9,25.721186180405653,78.21117089032514
25.204869731530643,49.45994887554877,1241.4137405080576,1,15.978054590290924,78.1360012561382
20.888861757974738,59.0997465283923,1507.616993283496,6,19.26064237343479,70.75779856628381
25.50427211558224,35.883918597959166,1124.7089745260366,9,1.9744907909344156,84.90688052458705
28.58080682593165,33.993811846531656,1000.5126606747408,7,8.950458671088057,83.57237385867964
25.35449118222295,32.51025352905606,1675.2911010664516,9,22.5340326917151,70.11778994803151
26.916619743576486,58.22492691133184,1710.7150436173274,5,3.7024685002738247,81.28468117700135
22.631193499696465,42.59497913784263,1360.019927040193,7,29.393431072356737,71.89785867504911
24.077228049710666,41.70972107742479,1014.006524507023,5,23.12484986038901,78.21271299674177
23.06624697347745,47.45438787152142,1103.7505725209485,7,14.902751022831552,67.07114719268937
23.773581854522597,32.34948184718398,1628.923441792846,7,8.094987416276002,79.52856103834532
29.165312147879533,43.19246451741391,1862.3431226463244,7,11.495838507334952,83.78413525306924
28.85697933071757,43.21711457889547,1270.2058353424252,0,22.09853487034788,81.52320357960576
23.355251042380456,34.594199279588594,1693.3374322192112,1,25.087500119586085,66.46316709527558
29.476509553670304,59.13668674604738,1347.9548470290288,3,10.709557251694315,81.99562721027641
25.64670421938436,46.7606325992047,1462.707729857677,6,10.58150435450312,70.23880499853406
26.785853629042716,43.35657188414709,1342.9586094476686,4,19.33282546738108,77.77802650109714
22.241050225881995,46.78361991089879,1554.435466677675,0,25.89266426039248,77.80850874093727
27.258290801594605,31.274588784714663,1396.9485047991752,7,23.38635921097044,85.28188329910856
27.573100719202777,53.88959533937432,1113.794778699982,2,9.60156874032651,81.99774141424908
21.70943010969608,50.9359940680372,1606.2067129262512,1,25.260850166131036,69.42614283102364
20.81959505517368,34.908239673505214,1717.0324142051093,4,1.4267160488786268,57.96891358645942
25.6487714187928,32.887018565932706,1399.4593784724293,1,12.254877475183331,70.76654655668561
26.760740451849696,56.62790545566494,1934.205054938674,4,17.907657635424158,84.2199784977911
20.71470807109553,43.19619848601898,1952.454394398429,0,10.225230157449785,74.60538130681516
29.828850779482828,30.69157951882111,1882.757271034553,3,19.20943878655409,91.1199805367326
20.35401325859717,41.20446872883632,1964.8814633585448,5,10.805103411060117,69.31099720502277
29.25483349840779,41.23644931583929,1603.6132386863942,7,3.4269900053558433,88.32121632344422
20.50449561006691,31.59744177887421,1066.921262282943,6,23.430142995746348,70.72099946849724
27.065958067914956,35.08513081013682,1855.556819047234,5,13.097063773770277,75.04311860015694
28.70614546897817,59.50292368784949,1491.640156547816,0,25.083597382646033,85.45715502934821
21.93223455443626,32.23320837546249,1680.8204329727369,4,10.38060077779389,69.00907714924305
21.301694072066052,45.61614859710462,1290.2869576192677,7,4.419866703697401,63.58213875013972
25.65729225549182,32.02457715023402,1102.3453433743102,8,4.807573224374457,78.28346941614889
29.426907069579357,34.293823997345115,1848.4964618072472,2,11.442380690057323,93.9589445168873
21.20819601401006,35.82143843953874,1524.544162342018,7,16.382529818296316,74.99537375055203
28.986915893152464,56.14187116155581,1929.1575287185533,8,24.961586915849477,87.42146757160002
23.70867172047463,46.335393641724,1861.606294278689,1,26.652575143374353,75.57152420533848
22.77245267568266,56.61673657644512,1465.6281280736237,7,22.599544718803877,70.46552358032476
27.319954531398615,48.88795918684507,1709.0519420326236,8,11.603709200955084,75.27844823561392
25.897736047670985,36.01358111373318,1122.639704977301,7,29.607825243965596,80.1690478981595
22.852928133523857,55.47826146381301,1709.6520699709004,6,6.3163378510793935,78.62040300283796
27.909831281101503,36.871317157799034,1263.0445996568965,7,23.410277358260625,97.77348781754034
25.98901531268556,33.472908923681906,1303.0094985812095,7,12.920971189894615,79.54992427809216
24.532159747754687,50.02625154019218,1913.0648702007488,3,14.108624487870555,82.5582035943768
21.738925381579367,50.942228422988975,1546.3106097718878,1,27.597734843017996,69.58620609341473
28.367308264563675,34.452751690847194,1003.9415131965022,3,26.560086756540432,82.9555569393591
29.374034698130117,41.539183882278195,1931.659917027486,2,10.505579050846787,83.34177681903425
26.394122756670967,46.33224108580151,1551.590740866935,0,6.622421888242088,77.12419833394712
29.459240107502215,48.6116636518438,1584.0089403024983,8,15.4927574805625,81.39080270633778
22.77897688001199,58.86949404713852,1639.4894272318304,8,24.87228847156752,80.91405726325533
24.165454779487348,42.69914005029917,1256.691201874152,9,7.088012583173339,81.62875782723093
27.45636499635991,35.459691991467174,1085.0217023667071,4,22.10297392993066,84.06315253230775
28.226550979307493,55.03165227554037,1186.6959240052472,6,20.927286718491803,77.26334147173574
21.691465598867328,31.970197307110155,1616.6195814420876,8,11.198719907182836,65.4106623314997
20.61166963059805,47.64144714058589,1949.292151416605,8,4.928456790546671,67.22824139994246
27.323585669054314,53.0278731408394,1036.3701486542734,9,2.0293803883315698,85.58282095046387
21.008113410555087,50.35050539830922,1362.5829644359694,8,4.140942680955196,67.84233024062135
26.13529093559066,48.49872944154677,1303.715986305891,8,5.667656190713628,86.92061127676786
20.417626957791494,48.92376371513983,1066.2763523398298,9,17.36163730201266,63.978617564810655
25.555883682478612,30.918221333700124,1624.0871555656931,6,2.898355218936386,69.70390192254267
23.90094697340471,56.63156074826591,1105.1100739743415,9,13.607248863936416,77.93189649527889
27.457017733548696,54.87052902825373,1739.781816370814,2,24.884317755250745,79.51141827944035
28.985184717421003,35.10925352178468,1706.9192054135538,9,7.483883177647764,83.98375304279631
24.978118920363077,44.413693036429954,1149.4989109502226,0,19.69517848482156,76.87445075421458
26.82515934926824,42.241919406774336,1882.687155607664,6,22.322860682511724,84.75911327289828
20.8386699931593,49.06206116666796,1573.0941604262343,0,4.227641939132645,64.29007163380574
22.671160480897267,56.81287521045395,1710.2788432186203,3,13.997236022910345,70.31639320798583
22.231706348691738,37.79484735821522,1981.6800071976988,4,25.485874733828865,77.43243518171313
29.007901085433716,48.09887547107086,1702.6894656472457,4,20.527330265576424,70.54726071124931
20.24928813453841,45.18328077750617,1711.5723625146377,8,27.24070767037596,62.90256674535729
22.34551324058049,40.6580343188154,1169.2609232434372,4,5.558667317875735,70.17027035788999
22.039777213432824,33.46086520261341,1991.1316627324816,7,4.570970147555676,64.79217173104597
29.627620142731296,36.325258111849344,1690.3909483172151,0,12.44511087536426,75.91140009003787
27.771709923600643,46.425826539211435,1110.9481126397814,2,10.265727895349762,82.73357614484655
23.993171742885703,43.65664413127898,1330.6715682339525,0,27.65706984978419,77.76876946613743
24.91675160397488,57.30940689508409,1827.1702492842928,8,11.403862952811226,82.7662831291561
20.076316338811633,32.706041294983045,1173.85497575516,2,26.468857622248375,62.81838028250851
25.73555306278289,40.63080080736638,1022.7184644643678,6,1.905254131815688,75.72856416541613
22.555876655765697,57.61749615099862,1199.4356512518125,1,26.314354186696555,67.2628691128189
23.19063907630765,59.021795151355114,1868.221293134754,3,8.784361315657742,76.19931216944339
20.562095905476863,52.348130633712735,1982.00030474574,6,29.457067904920887,68.33142349404177
23.33355640568191,49.39029642067406,1490.274452070545,7,23.607260937062257,78.51244626151973
25.524973348056815,37.24876761507294,1087.803992387174,5,8.686977363773945,79.21063420495611
26.060152126362695,40.42323481316286,1318.388773055511,7,27.50286124738464,83.16661078240935
20.478201440082344,45.566569780549464,1545.8407225394851,8,11.024054967331022,68.44765376611637
24.419248252866403,33.13297868410212,1324.081823515114,5,11.945494305854412,76.37434527048943
22.346768775282424,43.93800227790181,1950.8817054842832,8,14.728614611783144,74.83286862689855
25.325159742225043,44.76713008033674,1083.1065797222857,3,6.777270582584625,85.39366027138668
29.618747294587564,43.25552363055651,1236.9237380711902,2,6.4785364686856175,79.2849224435124
22.992130529119414,44.17085050498562,1726.351073431968,2,29.680455338309244,71.94351918783443
25.91264758904968,57.48034314475227,1004.4546952832286,3,18.328019135624412,66.26580446654819
22.14574819875171,52.819025387718185,1832.676208336783,9,4.259275040113218,74.84384965506081
24.618448355987493,42.82754359530375,1074.650350845818,8,12.74446138961281,82.97112009264806
23.526241515482536,44.682244807196,1139.8048091007458,6,7.639175534541364,77.9426406626892
24.316138069193517,47.10086831333035,1895.410129718397,6,15.265638523300424,71.9985488138216
21.32277027840638,42.498451801716186,1901.629420494441,6,0.1140671347275679,58.09700995500931
20.637409430045448,31.229421835420258,1013.748554523694,2,12.881859637821284,57.28563889293863
26.603751997681293,33.57893594036764,1868.4034637163336,3,0.3916827636662912,88.21238718682275
24.08231099148212,45.6983598443619,1122.1853122157768,3,24.083909989234428,69.10618926694599
29.17552051908634,47.29986556707248,1861.2309454808085,2,16.563927714493097,80.22231202363872
25.411293675089652,37.160717625142205,1888.5054968539644,9,19.275052140847137,77.91203359869158
28.788470094804097,54.58053156803933,1838.1501437300249,3,18.996150465318618,83.0243540344661
29.98666302319409,56.73242455334538,1868.6314208631663,1,13.205017813256577,89.10913858582384
22.994690388903106,41.89126959739028,1767.1412784460065,7,16.616608125909263,72.97899309283271
25.87413406442268,57.997373716117494,1463.6691276697966,7,16.3239769424749,74.44558893131881
25.823889448751533,39.3067974918081,1672.2585603454854,9,26.718654287205457,75.46514844676668
24.11929022638841,48.55222452401847,1666.8776360985362,4,11.136795150970796,82.22345612034907
25.026543725776705,34.21780314951155,1421.9714508311397,6,5.159657928714258,77.53640850335813
23.722752704652105,49.10609794679674,1785.8436587150009,2,19.426209860804,76.66682705524279
21.1059053829919,42.6768324662064,1657.0048292945312,6,13.158711326297016,63.29028849358993
29.895994546347303,39.33698897807768,1708.9568652297933,5,29.96532733777335,76.08034762829266
26.14397546462776,30.223142141623196,1099.8613406477427,8,9.787738309049985,83.50109663171298
23.918155720609352,36.10532947156008,1724.907510968152,4,23.249552404774324,79.40597494954525
23.038633470465896,34.69764767704511,1305.2667765246792,2,17.364193162083325,71.40115269753504
22.94066537619797,49.68406055341268,1444.8862756962285,8,5.955810311815407,67.62811061570734
27.519676934331397,59.033721056991986,1458.9246504794812,3,25.258086898022786,81.04818095914119
20.26763985609399,58.92163799081712,1086.861527575797,5,17.838245284760543,71.22118707426318
20.08366729386336,50.79167003595968,1903.8535359194352,6,4.551915796296412,61.69541944263317
28.32013350736121,39.45050029864356,1453.347571629566,1,1.4788441358412707,75.26679366638521
24.221436416973024,50.19481564043676,1028.011827966298,4,29.096290022330287,83.44635557416105
23.55119385077773,46.79777670742985,1730.0930290829883,8,4.720739157086874,73.70147658568817
23.377386902716616,50.0710909515608,1295.650969660052,8,21.963152055946704,77.62714607009033
21.853116247072123,49.34474874929815,1263.8927900668484,9,26.80894867217135,77.45296107402339
25.048041213841287,59.04409493310286,1095.5688735302724,4,26.00523732490802,80.98899707324453
29.45655852786567,38.95180520653288,1145.1481893586256,8,14.52107923967504,87.70922567050178
25.29515875070915,44.99331971326822,1733.4801540112107,9,13.809475758795394,83.50179530846134
22.025443468577887,51.37666889643097,1240.7475565019818,6,11.254121690530871,60.39699944712779
28.362273912031824,42.92740080421014,1504.0624295742311,3,8.580510778764065,89.06661082391325
26.241719675893428,52.4572308173087,1194.277633943597,5,15.498834693001688,84.99430221637239
20.824744470711344,49.27676587732855,1623.9873673577154,4,16.46334574868266,79.55022187464053
27.221156837606717,47.93821553745259,1056.6581369530395,1,24.15197618300661,76.85500688033403
20.587370855087975,31.690187947650376,1537.5546362743803,2,23.3068666740746,72.36662633566371
24.02871733451554,47.82407464465471,1300.1839493424684,8,6.672894462313924,79.43030091050638
25.812903434433274,30.03266548050545,1835.348135397516,4,0.9295105268845416,85.1266719907273
22.94153218026616,30.13570643188339,1677.1609796935572,6,13.018729859359183,72.59865350688159
27.76510015265695,45.79717917132508,1615.6358905756006,5,9.928099155269411,77.66773981239143
20.26519121041291,56.56906088918335,1889.11508091262,0,15.641383088395353,56.03816283332214
21.43513354468482,41.04732763368949,1545.9102775578117,0,13.256345090896628,73.15360829787224
24.101967995806724,48.45331094302217,1968.0387169273513,4,8.520215595631326,75.69639299898678
29.229526088323095,41.08610338049533,1025.7705959837635,7,15.858287227254989,90.3816456495203
21.777337034070612,54.102774941464304,1022.281147275575,7,7.6903595765741155,64.05448532882963
21.42294504660759,36.69059473071246,1525.6152138190907,6,12.26652044741056,62.863458827698935
21.77191051677253,47.219181805125615,1176.2101901859382,3,7.601319095449056,69.78902812684966
29.313089533798724,38.917009982556,1899.808086359512,8,16.30743886902785,85.05730518930991
26.312113992801667,51.408710899824115,1220.5471326051625,8,5.986875091349147,83.88917674427188
28.056808069836137,52.253624756618734,1460.18076096532,6,15.015815218539595,79.80724747202207
23.28766174514709,47.40206509740008,1586.373926537733,4,0.4815334516604985,62.74215841892026
26.51619922943248,45.79171927425199,1551.5955996305945,1,26.88702416915496,81.94478362883896
29.53130442455096,35.77293911419584,1779.4685814399024,6,21.40460420694382,86.11226292148204
28.076279103504135,45.80842442360094,1378.7039412320985,5,19.71074886769781,76.39956057610658
22.07206290389256,34.716298228402714,1421.507671762491,5,21.23618829608327,74.36226287849098
22.70100220129873,52.321474486016086,1816.3236260804783,6,27.302573371628796,74.8163318897396
28.49552925073698,48.86648943819718,1065.8884453083072,2,0.2908508018042333,75.96073209963497
23.224515711712225,52.98828573310738,1370.4492563930437,9,3.3908771895145016,74.44139857203474
23.101868752981872,34.10068379116635,1769.0891962419578,6,24.724334385493627,62.112135804864955
28.211898887349143,50.84425120156391,1359.1804888452791,6,1.3819426593562545,92.77187827251257
24.607834348807906,32.12362493865886,1935.593888607557,8,26.161344000280614,80.91361624369979
23.3736305639473,53.55827499816873,1685.5999473008828,1,15.33712164664955,67.39138576705781
23.66961567910736,56.529050152480735,1818.693474689592,2,23.67497711523426,75.60212741214488
22.828181449323893,47.90785510318572,1665.085179709987,2,29.09988231086618,76.45718676536139
28.59608654207848,47.40582475559329,1948.432110328306,9,4.804036092763429,81.26777861557825
27.929216556120583,36.93753668910779,1372.9346071815594,8,25.00533483167402,91.14991229515994
24.27189629512494,35.32220515688982,1006.2276704100132,8,8.742295823636374,79.69723688154224
26.275698371215125,30.535389868038024,1152.175048516009,5,12.98449000792227,73.88836804426923
24.336223818027577,41.24731776348571,1826.2686914716076,7,0.2177830019482252,74.97644951312583
24.469723503963845,49.28924731371001,1956.4534969668684,6,18.281553786168597,80.94999011077955
23.707597426615944,30.01597450346074,1569.6341366575257,3,23.116764563420535,63.92393849450811
26.208167154272225,38.810026658460984,1717.3928510996252,5,3.3144786934225623,80.79109195683546
23.3066143118699,56.64689276218478,1521.822118906464,2,17.138832434629734,79.07794498876416
20.25069573858048,43.91625232507904,1510.46423698009,8,14.238071087378444,74.11810022464476
28.34864105878755,35.04883730393866,1597.084581040188,4,3.137707241213445,78.7514888583306
24.928249309683594,31.61775716052685,1203.2590153885794,0,9.40050569511912,78.67500496466604
25.97635702196669,52.773956117420695,1664.667882432078,8,6.933419679115938,80.82165747071468
21.782147655314308,58.58237015724076,1815.3309565166865,8,3.5228078570988353,67.27265525670609
26.42216017505282,36.695388862839515,1940.011297139884,1,19.451103999658145,66.87386981538799
22.590737356806944,54.804951803719845,1368.3134359589376,2,19.709819753616703,75.02685535915874
20.39815823528528,30.153231229241623,1388.291326383776,3,12.127172923764338,76.22825756240682
20.06749864620427,30.35182674586485,1298.0477983885005,0,0.0694796955740584,68.44825119479881
24.139397577911257,57.57155113666142,1386.3766205731122,4,6.016476686249737,68.74994600668715
23.120543462271705,50.627431038605486,1312.2320862974673,9,16.029710422499008,76.43135425284179
22.205693452283384,46.233114529248425,1145.1384139838528,6,3.2006624832298813,80.01859200003511
29.477070231850288,59.39622953892751,1107.7718613926152,3,27.546823744102714,77.32851080574274
22.940281100035275,48.55911455754428,1688.1551783791558,9,0.498913289907652,73.08128158834285
21.416930979984983,31.5312216070165,1303.0123039687828,3,14.55090436012689,76.49106519530412
27.49746827670203,31.28281847871399,1147.7974477991445,4,1.1436816289725529,79.28141564158575
27.149860987206765,45.033106530714214,1235.9332415710448,0,24.07390909976743,73.47964081168632
26.74814311381064,31.90025415059748,1562.8903729776987,2,11.306450924035405,66.33714108671694
26.71214455777249,40.086379712086135,1934.2553864757908,4,14.188077218541816,81.85160554176544
29.087077631264044,55.72124086090402,1754.8143496915486,6,27.558189157363255,72.80526954832648
28.84601277771644,43.599785839377375,1113.0713543796371,4,3.798539423417302,74.51737038420895
24.982577673412933,38.75725353435491,1604.7995817812334,4,12.101592461636146,75.92716537758582
22.63029042271791,47.20063030754908,1685.3360765215923,2,7.360209905608597,73.02425358538392
26.048889415597323,30.2529491180166,1206.2488408328063,0,15.444621146870045,81.38526021881859
26.10448921296209,33.847447353036294,1072.9580673692124,0,25.6528345007534,77.79518407310698
24.150381121010753,45.95929179731429,1860.4508469375871,5,17.289189612499428,64.55218318369768
28.620161847450643,40.104237056078375,1824.8896707685649,8,20.766635790181635,81.8901146901959
29.938483220571236,57.73087568648032,1596.822747352604,9,28.75192312888996,90.00918791745602
20.134622807944396,35.859122809601445,1417.18037624125,2,28.60954736302674,68.4700833421926
24.211586577239597,37.9585969068838,1792.7198944974648,1,23.630190226277545,79.257313029097
28.905796143926153,52.564164664071725,1533.7253872408978,2,15.954740269135147,76.83539689058603
27.48661411858068,37.21532157557735,1260.061596862878,6,28.052190139406346,88.57727870029969
22.73250707402554,38.51530365957864,1759.9673775088484,8,15.879971788237912,73.28393544110416
20.07164772286796,48.81124507974531,1189.1420044698446,1,1.329763114255137,68.43520744444696
25.826213052660705,35.01392772324811,1770.4830454230394,1,8.815324989701205,74.09351699179453
28.184622742562095,51.848877434806695,1964.605687995167,2,27.964738737914637,73.20578305573105
27.538303073227837,36.16511406720546,1177.4164398296907,9,21.02984718979274,80.45955841711948
28.809743757906105,31.2086057407159,1630.5279602661965,6,19.35249045834917,98.76175414998474
20.314912580872885,44.104494989042706,1486.5543177326172,4,16.50687341841427,71.87972003300972
22.131944017432005,46.87685194469043,1232.6429322657036,7,3.726411067799469,77.5715959063305
23.886253371789486,57.399425429159905,1745.0026942275008,2,3.353160862349734,67.96327936750484
21.502921067896523,59.790441487523765,1234.0903635027066,0,10.36160899449994,69.33178402230232
22.765539090777935,41.41677493407828,1663.8554617224563,0,1.1181462185285485,69.07359498820098
29.643731582141363,43.95863614388401,1442.27491356243,8,27.17895038703294,98.84375583052464
27.281586747629895,54.12840021268828,1571.9648598426045,2,27.940174695544425,79.49779512537728
29.59394449401578,30.16193993513179,1994.037441159427,0,9.76499581087755,87.54904071367156
24.756777789627616,51.30005117343754,1595.4370554182565,4,25.896787780980983,84.95971162482081
21.145990496884576,48.9670151685187,1556.1353735434311,7,26.671520153539824,69.62319925097123
22.09220846493643,42.400939565641885,1908.3358852655067,7,16.65400998322016,76.4254060741374
25.771667608395543,54.7639034963719,1557.7674121504897,8,27.084015955071145,89.20534467992567
21.934041283702047,34.36804731350564,1071.2728821032024,7,21.08415685171864,74.95950368092542
29.199253314231555,48.58511627864109,1446.9077089745888,9,21.015299616296073,91.70325794178096
23.70223918698403,51.28069806803836,1784.53115695695,9,18.601040153236713,73.09132362166658
29.56555394506261,56.32454259660986,1619.482955934695,3,16.550265250747394,92.85040372930234
27.075284404141257,46.22075990562166,1284.9915194734813,7,16.760289621925292,86.26883863574577
20.43846410015249,47.20201305494823,1336.6280392885294,6,25.119364940668017,77.55394617007619
29.038956992659863,48.46870703704044,1860.1839822445827,6,23.785817527825156,78.92474327254632
26.43328930616935,53.3854022508422,1194.3832892694734,3,1.7118505885418225,74.38816585487947
27.99273036552685,32.151557056065116,1247.9384258428452,4,15.14034571568531,89.49271921516606
29.070533088506924,41.488720211785065,1944.6762998763372,0,7.615901216912727,79.78630032428333
23.579791680402767,30.50283983739837,1680.0421893584848,2,4.268375556846351,79.60206955029179
24.26128135468423,37.772959112158915,1093.7171402116562,8,25.442223269537575,74.92464777020584
26.118115570247543,43.02256193903126,1576.980678671664,2,5.335458010136476,69.36561643713308
20.00756508361767,41.51952182100692,1076.4324931321032,0,22.88154113009994,69.73709712547185
27.82597661117626,41.2123453470346,1076.4319663241756,0,7.632546117658378,83.06354933768394
29.42914998875048,34.76474986694723,1199.580150990145,4,28.009920282547963,78.13585396241895
29.99258027185114,48.88721859727136,1626.0003335931783,8,24.10197277691592,85.89515636120859
28.051128403210043,51.93560521955875,1769.601901542041,3,24.02927935394324,75.90956928254148
27.98085466010367,59.304351971356965,1891.048803943768,5,23.711947260923917,76.66893627962274
26.30848125294498,44.76515491709882,1431.949615690678,4,22.135425336795404,82.96533967112204
29.54518117452251,47.04959550061028,1214.0645797770424,3,21.808384965041068,83.01619774663669
23.157394849356734,47.704552288658746,1812.7957256686136,3,6.881748330629308,79.1237253482039
21.6376904684664,56.53215874226805,1235.6122944217889,4,3.0811246524132754,75.31283757044484
29.6147790205029,37.12314738289009,1665.729591578449,1,3.3782068702284587,88.20706667134657
22.762116061860297,52.292166781480525,1465.7637068561262,1,24.99493609329951,73.5590518123568
22.65961906659234,45.55197539134731,1173.140649143108,6,10.93054212443041,77.84733817583752
26.981393247816506,59.45697848150574,1652.1446265232105,0,7.693715014097146,80.05988641915772
21.96121639520164,54.98949618706688,1947.4954247413864,1,5.472510924083145,73.8627328825861
23.114394312824405,49.686432123732175,1422.1394272789994,3,14.503905366089336,72.58267635779946
27.625083013478267,34.419155580000236,1903.193880071234,6,21.230064863595217,85.14000480874805
26.611840663066303,57.42525064014365,1084.43933941233,5,9.15078648262623,75.80524543517814
23.299273667636022,44.40950840202229,1103.2990600036733,4,14.592637941918532,70.55942710998752
22.310543009336595,57.011967365410015,1898.212784626228,3,15.759464741696808,73.4135680602193
29.88089749977135,51.594090180539055,1988.8485594372248,2,6.949313816760775,81.75602366870022
27.99737166789025,51.60868413370088,1747.426437440295,3,25.490113048046744,86.77321944203945
25.16973619964978,40.846946095717506,1466.3229757078302,2,14.298108307857174,67.2160954151652
24.49598369966365,58.37059510321824,1747.4872640224016,0,20.05985864495128,71.72715985552911
26.33692120986549,59.950060012183826,1516.9019112766732,5,3.715845169710304,82.49632388751793
27.60787650391726,58.64581142150555,1577.6617992405872,1,0.0643926827458696,76.73768631844267
26.52983759198383,51.74017409807628,1029.7361736004475,3,25.289462120614388,93.21841404930304
21.905272176615327,56.233381450685926,1149.302505735173,1,5.031505202544723,78.39455065208094
24.47000759767877,56.055887945403775,1495.775130124253,4,22.58215550807682,68.49891727822094
26.035928837340663,54.84866880763252,1473.1333171841716,5,4.9915567499467715,73.6236893035594
27.62168629025888,57.464595607276664,1294.080096409592,1,23.02680345156318,84.16006699905145
23.659695396513417,34.09427409092388,1403.3726672542996,0,20.59235705966224,71.95239611852183
28.253687926194008,53.14133165053839,1940.8988192813872,0,13.74323808715648,86.85307892429685
23.29192838163296,52.13917932411496,1249.7397170946444,2,23.034882796590637,76.96119913359442
23.512909501516184,38.97781596649449,1810.873506347028,1,3.1224838231141447,64.73408495868908
20.818448560599663,39.2879234253257,1734.9232264019506,4,24.29104500858591,60.71934920375879
24.258571058426178,32.21080270162369,1210.199640455469,1,2.0578318618821543,79.53641349473892
22.85909309294393,54.96598679410589,1582.262684542086,2,19.4666514093171,71.89591789087714
27.872883354574185,57.02119197421558,1280.5104651270196,2,3.293067265864489,82.2988006202536
28.82222696248394,36.073548177603826,1581.5527681118588,9,28.184902770905992,86.26459141524661
26.48049983323014,46.1782262074349,1723.8442190286696,1,2.051055083555341,77.18138142626093
27.18535072644545,33.58135304010558,1457.566456141788,4,4.312260963138587,88.35160574829843
28.10871691507556,38.08648856929087,1933.547756565015,0,26.074014072169888,79.6683096222516
24.678159200816985,50.18479374821999,1896.72144417749,6,7.288807657021619,75.38754513746487
25.154023578344663,37.59348909576118,1869.5985483259633,6,5.176600386842958,79.43136341116085
27.919158473341597,59.954514333279654,1511.2814704716093,8,3.7365011746597174,90.89850706078848
20.481908433295693,35.045495691396304,1897.4565851443283,3,19.672289924493352,58.82047314243
21.158264523278955,59.85922163855052,1534.536861609453,0,20.57034941022274,63.87592665995615
28.18426785949478,41.70193860807349,1861.8763334422808,3,0.4876699776505411,92.37619236149315
26.98344484146845,45.603420189035305,1394.2571746784497,5,12.696882277230484,78.40883003590025
21.53636417400153,54.37553320435407,1740.0478370226792,4,24.019402509178153,67.42856121374454
28.08994591292953,42.00546783907772,1808.636054642771,6,0.993962544972824,72.95782970185579
27.898239814323855,41.329926117866954,1354.5722357559737,9,14.305942079928858,84.57865296861532
28.295123420876777,42.78462936511858,1141.1617254944274,1,9.48789903762052,61.49139444812299
27.56570565910256,41.41368170676517,1300.931749690279,8,28.173942696744533,88.92697402276784
20.544784946049848,44.47699544364728,1299.809320259612,9,1.057615135788823,73.05025239553935
26.00147198097815,38.59812919662812,1825.595685889817,7,9.576102868627194,81.88643449439485
21.2120286729941,53.08541654150015,1959.698367250076,1,15.45778204209416,58.24209602013117
24.397564439301657,58.18814022099643,1562.444979527463,4,20.731727490361894,75.1212922278161
29.297663074028627,47.3511033248129,1035.003809718349,7,1.0226360916985244,85.90455015626561
25.601552066483784,56.72951451268911,1667.7288826519282,3,16.455400575163488,76.74886744332281
24.67189416847147,38.46964242478776,1319.526097452381,1,1.120455214494139,64.20732944502826
20.22512832253564,58.49865436329298,1590.2864786400585,5,22.93203165619756,56.8498285541253
29.65387961027392,33.01159594665208,1369.8112733077107,0,28.74112042866929,87.79268634679283
25.650962933275828,56.066408451002346,1737.559704860498,5,0.3265336013958098,71.45984361527782
25.649018321753516,57.80122107396425,1126.8202268830926,6,15.2914998908365,73.9768404279642
24.718255043439083,59.49961628186696,1269.549770571582,8,26.241112125038164,76.26762690060934
28.893682356464048,44.828113402843115,1834.515560164445,7,19.047321137313656,90.01825906112286
25.215366866623462,58.63396634552838,1604.7934846194075,5,14.73493704136824,79.76646360598038
24.58577372088122,36.11300246352433,1210.5364584854522,5,27.444017286553493,87.17029521230282
24.375952879094264,34.52068966283053,1401.9603866237562,9,0.7293895303422715,80.87061710074885
26.252275954440307,46.65924797895971,1616.263003181914,8,8.268862333847524,88.08448919703298
25.431326638328517,45.75602507990048,1664.42710810902,2,4.518700212477709,75.22014747070905
29.64991725538227,56.292870357980505,1113.9094481755826,9,29.535062799859436,81.22613097183303
24.01919803253992,56.048665183860194,1999.7509809131968,0,19.926802955370015,72.72344605181073
26.265252934294388,41.64147115143216,1827.5570546236384,3,9.842528544809854,87.19432933388649
20.463369398882037,56.84802550848249,1071.210544755151,5,8.895921991889269,75.5245962799521
28.964697914030687,59.253425928112705,1974.215469940778,9,29.82152118923934,86.73987202658985
26.701124713118123,55.33088023522201,1803.0885597066397,5,29.569239065475095,83.52743893947023
20.08653775204844,51.563108760142,1872.9605697885331,4,16.875851561277933,77.28728399091317
25.754692492283866,49.21120908964316,1111.3924881135454,1,5.647207550606103,70.97033275219684
27.301606580057836,57.97120944168793,1250.386626124282,8,3.4964710173934135,77.39459750442413
23.798703060875113,57.170286449254974,1605.7300931983714,7,4.2096399925531856,64.48440467256711
23.926434927118983,56.132831594120034,1923.904181693366,0,24.314704038830087,66.07285097614827
20.97384228015688,31.83859336634332,1296.114638110008,6,18.32007179061631,72.70629943619927
21.51112995363889,44.1249493525861,1385.8989769428313,9,19.80173924916788,70.34077898269254
27.43684093818028,55.004113032031725,1346.7389448678557,6,20.373884096351674,81.00413677469648
25.95545736267195,38.289301509755106,1580.4552445259214,2,28.80033984484633,78.44143059054966
23.267612083668713,57.28260369839348,1238.535946776169,3,9.546885519878712,73.0904401535243
21.22919450036311,39.553231484505936,1415.605055458933,7,5.221335897924689,67.92958882919045
28.494737984482548,51.32805726653381,1321.5454186505997,4,7.354698262547106,91.94462323675108
23.154947736256005,47.3637661668194,1164.5411174473206,5,0.5158535126685349,70.06946028805963
20.65751335890989,46.0731874941838,1784.3851594948185,2,26.60939251311127,68.97311365871171
24.181085113548967,50.4767901455631,1871.1484046086591,9,20.251679703638533,81.74305152381166
22.717299723189683,34.68639799817087,1959.06988313264,6,21.79788892866165,71.40042116378686
22.969477185193245,39.75044650775796,1621.901561417348,2,25.966926599555297,69.56545394077557
28.72151326308368,43.15596607489134,1762.9344110639338,7,17.35995705034709,87.72153704712844
26.82303657982087,39.00066354052548,1998.439524928261,3,23.66253403252453,88.54690591648122
23.62926205359794,50.65102665074453,1290.9855914872012,2,6.106943606639699,74.44998449163582
20.584890895456468,39.25838878250501,1831.010382159734,0,17.17372535546569,69.19314437729022
25.50999331457151,35.47907375395834,1950.3554863068805,8,23.2690326745047,88.5967232615058
22.762376115605093,43.312724907198714,1803.3592573979824,6,7.930077246257497,73.58727585286015
28.53358764899384,37.00306502876329,1697.399119526984,1,7.059706988374263,75.74823226548786
23.939925926350433,32.8044340598289,1712.3883642408337,5,14.24899443088276,73.12946992092232
25.56660938552816,35.101091433508685,1535.812087703716,8,3.8493536642047346,82.91047044499858
24.083612178804955,36.47497749920837,1924.2659297517812,0,23.00780546116285,68.2724094726897
24.73966174833608,45.58300763801399,1668.3766806851254,2,20.60776973834375,71.58316625639407
20.044356570610756,30.652185832462504,1038.8319597464745,1,13.501089888145472,67.22109967935921
20.99399430899567,39.41378760173461,1294.8281864184978,3,28.08948168765453,80.08033043757187
26.091473296151467,53.961200221500114,1722.175641525212,9,19.665735620184932,74.24422105290891
28.01246676220017,46.211687085875134,1637.200243035731,5,10.5224480434889,87.80952509705592
28.542788467972116,36.45162732434207,1088.1122287357869,8,5.477964582451403,86.32516881485017
28.40811945164571,37.883921710866446,1457.6022452936934,8,29.223160598441265,84.79082442841512
22.99570812008609,45.79452841319959,1136.1235300655703,3,15.449531668944614,66.23213006617978
20.83318351509932,56.66324712243386,1273.1784736466725,3,6.310262201889189,71.54282748274463
25.783239146637584,51.60966187778498,1556.7754404149844,7,13.191075703520648,79.55821443033956
21.511258225028264,35.197888624435315,1420.1449979181173,9,2.779646351534825,62.95025497941604
21.94897546097125,55.60056774490109,1514.8018995823502,6,27.83673545911293,66.18474115033203
26.014880457687667,35.75740518851904,1773.019736921131,0,19.55403569304262,83.07569262795542
25.19169167128519,47.51943830639259,1192.604027554367,2,24.853824252440305,71.48229016652637
28.265045428003493,56.79329233124146,1932.134583480252,6,26.319443392014648,83.3840260933279
24.507549666190737,42.966826202719794,1328.1527802378744,1,4.1994811563327605,73.2698957693604
24.288713865115295,48.367446485294096,1906.0239148678024,7,20.003911994290352,70.20728102641631
24.071036139656545,39.90131155108404,1312.2732865592204,3,3.7351084393637466,66.304863051861
24.10334512155624,35.692112998579276,1051.09098455048,0,10.888456216844226,74.97728056174398
21.57115267079499,58.05856667437874,1426.7746770365495,7,1.961229419377113,74.38874933629147
28.285639244378142,56.60383216167132,1961.1199619164024,3,27.28387929586477,86.12234939542616
23.78426829334264,32.47064632823546,1352.643047378676,8,6.278132281530264,67.89021820853577
21.79774133121483,52.26493181789237,1133.2308845037935,3,10.277351234193992,75.97826561353159
21.42627021221907,30.231788661726977,1942.9796916642003,8,16.039855497814624,76.68428383317388
29.052975936830265,40.75143673673012,1233.309970624397,2,27.47079845738412,83.05468483972078
28.76532890599406,34.66679753614381,1739.9733267623794,9,29.57115103164193,96.4521433678922
22.540831425400533,34.8481298188913,1895.415687484743,7,15.038440568056046,80.20604150306539
26.55022702301057,50.419698375007904,1113.8792938215645,2,8.53627620157115,81.27375409650702
28.92838671894516,41.1028925110002,1652.3281512563613,9,27.91531848182847,88.20566274109716
24.37054662323201,43.78369053471449,1358.560009369,3,26.375596333892,79.60890866210994
20.64682792210582,58.47525367051642,1233.718600824542,2,7.77522817983497,61.39888771817561
28.95982955890242,38.063145082415,1191.0726173617916,2,23.51337677148352,83.78843868251245
28.33608115315527,47.13751072274725,1696.0024007906145,0,18.714825677099476,87.35825906953346
29.229004665925647,56.383165484097546,1803.7767808955273,1,3.412664930936682,84.58918212006182
26.718430714380112,32.282470855349274,1735.3178854127395,5,22.309695677978045,80.05588357031704
24.56759848627673,42.836721550953314,1217.023517241705,9,25.350625644892823,74.61537841018321
25.38193875843749,51.104866012830215,1709.68048079528,7,19.034463667538944,74.86247537123884
29.381460691723916,44.66527945970985,1565.5609581758022,8,11.194146205607254,93.15131327422893
28.798147634362937,44.18603881440978,1160.5079245891066,6,25.1878192095362,84.37745792736945
26.580330970873096,46.390394485948775,1665.3254833263572,2,29.749526316393695,80.01859291511454
29.63049974555876,47.16853618342649,1507.918550169706,9,24.39504128986452,91.62295101595932
28.45055923907303,32.84903053122797,1152.232412916743,2,4.758403058000125,77.51480500128586
25.22320754761543,48.46967069579303,1930.337803633956,7,21.177308948685617,79.13007292495517
24.090883775103624,49.08952831109433,1014.0273739300052,6,20.683270116213965,78.48401742479824
26.716131858354345,57.3476975198692,1540.881405403136,1,12.275893858545883,85.89818605259556
24.007830520770117,58.43655229629276,1119.8457364537196,2,17.639878469055013,83.40112430029193
25.168296440898544,40.02654786061318,1632.958668155276,2,2.3668814103731837,63.21657676999636
22.27739105770521,39.72838496422952,1458.9692288182223,3,25.775954669535004,73.22462576690991
25.60691439528043,46.00865181734159,1777.5295560892314,8,3.1231979243557406,81.0498032003968
25.34790012406921,32.93935539278552,1806.37649246825,4,15.39004348546673,79.19585224486673
28.797385106003063,44.39125351816332,1505.0126952823568,3,17.87913625487804,88.29431991830587
27.5106612489924,32.4206723729723,1395.7558288321925,0,12.36940920426493,82.97342334090565
21.67499211811761,35.9168253396105,1151.4284206514017,8,9.794713590442273,72.92881578485913
27.88820532665175,48.11592236709609,1413.0566504365772,9,19.88257833870929,81.49782675728483
22.010422101842103,54.23916764978746,1558.202860073683,3,10.369966869282688,69.23100378261557
23.124358440021172,43.100173332403514,1369.646668894846,5,26.001577250355265,75.86536113995702
29.08737283403827,37.30496714959378,1315.3892269265868,0,28.472737222904428,91.75553909552632
26.04721462393987,35.85152786311532,1724.8050259920003,5,23.913391272681615,85.13385609164183
26.987897969882667,56.78537996728588,1149.6563310690162,0,7.502223781116228,82.56068812241381
21.096889670780293,47.19790617165231,1353.0032188672503,9,28.51762602217769,67.73072438312461
29.740914785129632,34.117049791653926,1922.882823822623,5,28.439488152049524,96.12930554206513
21.17484268697057,32.80046310745006,1119.144615746237,8,26.392052188772748,70.8375887326964
26.608481647020067,48.62548456129787,1396.9781554726917,6,26.78455779318059,80.98170779606365
20.036287406871978,38.6875853627176,1338.633407451246,0,25.77346515445939,65.35606147127491
22.718206905120223,59.729825470500955,1727.5634947445246,2,13.502205653541935,72.04003409880633
24.981070435902684,40.59712349927073,1774.370613809544,1,28.872774799181663,77.12078031501296
21.766912262341457,53.67990211146456,1117.8516518538418,7,19.928967029663227,75.3485357126041
26.33652802036969,38.57671252600284,1351.894372311945,2,4.689326676108328,71.39760851441484
27.759536602699328,46.74498698609434,1676.765749498617,1,4.793696323086703,86.08527010293754
28.357718756092577,42.09815575041483,1974.8436602877032,3,14.912972125995896,93.38115408031368
29.958813926408695,55.9701846276141,1418.618420957192,1,3.530509655990701,96.8270154708628
25.048835136845604,59.93870799154642,1655.8797827805963,8,20.036705023758287,80.8873063825119
22.595292162458065,33.60949471703199,1013.537570531,1,18.21754036629327,69.22037410972067
24.009127211462506,45.67662693413814,1661.5660384174323,5,14.08588548843522,60.91932103225366
22.36843591185844,38.06663189238861,1244.27776793927,6,29.363087075585103,75.53856591079501
27.539516297432996,50.86960691615853,1202.4962831347548,8,13.923894793464369,79.79984375099583
20.244433401706814,39.79680336618235,1366.3489811337297,1,22.45303239660099,71.54910416615894
29.017834862858393,32.13479335537467,1990.9980635862323,2,0.2998616631399131,84.69091054055431
26.379174948546904,56.62360534957462,1504.3401342153577,4,13.042606151754043,83.60757994011098
27.131069911889306,54.302340463240114,1728.830512757348,6,14.439097141695765,75.65001746965481
24.411232283240945,38.300528506168064,1657.3946729230952,1,28.864791543225103,75.87689147812918
24.3796256319431,39.06644928446708,1875.185346100914,6,3.872284597342439,81.09720608682159
20.685806589502896,45.27762438405567,1943.3887513705367,4,1.3545926388360696,65.30920333087973
26.30282119951243,38.02779940287101,1660.8241778599613,3,14.86998234329354,76.12563633762042
23.208127979847603,50.52298821298316,1576.650230731862,8,23.509792686665968,73.72564333172613
23.466028675152423,58.221878031247705,1548.1842128529338,8,5.386863015116223,70.17277013664147
22.46008002399862,49.5921097571792,1842.1108366991552,7,13.609143218106292,67.4671913764481
21.924342393997087,46.18612734159749,1495.4706718690811,5,18.037227529782,76.65420850037307
23.97881545346942,35.23788799377595,1567.5878225738916,5,24.21464207422122,74.08847512819422
22.73120326184565,52.43176710227003,1353.6937557728097,3,2.744190045006676,70.68157321525482
29.678982565722404,56.63671440874792,1977.6384877309133,2,5.751481334347442,89.39200618617744
28.343899535201125,50.747626883594975,1345.8167755377249,0,29.94471443142472,82.97682702420613
23.75753049405686,32.637693888999905,1131.5959618534448,9,8.01588239563828,82.21006924138484
21.7614010907956,32.85550264388428,1521.870373575262,2,16.450200011951765,73.55268633093475
21.210963225676988,54.61357019700414,1698.853155745332,5,5.9682082559457275,77.21726257918638
20.97957692628264,49.98834659489493,1495.3817607892324,0,12.51692594407243,75.6426657882866
26.546250733650165,41.28842308563003,1870.8443674668265,6,10.218423476786976,79.10797904501618
22.61562250076103,59.66429932185956,1249.8563908879178,4,29.745693474658868,72.99207937332126
21.86244659457305,41.168921549781274,1858.0259402878228,0,11.792013148772622,67.25414245900059
24.52626836054921,47.72876262179143,1810.4812488684895,4,8.67012643591432,80.13297259872593
26.0359793463165,44.44486872832282,1558.7060387655858,4,4.739846596429011,77.5451627844336
22.390822256816417,41.21184932163558,1672.3637083549568,8,29.77018612011843,73.93699973318839
25.724310586296724,48.9977053712958,1839.5387942810617,9,28.34469105620677,90.68396397094024
28.739214260468977,40.61356445585555,1581.0282194078345,8,17.375717314754322,84.48618077210722
29.98347789637895,52.30399569005285,1493.7977285382242,0,1.4099841105148705,74.65312777725045
27.47582657895299,36.33066209578509,1013.0727137306956,1,22.891633655112425,76.26071511837159
24.21722998310255,45.40964841020213,1407.6944845609275,1,8.746844754376642,64.04592358287672
22.921286306580487,45.04984296745948,1770.6582003131398,4,19.45268155310656,77.31037564861082
21.351513328168377,48.12040521326014,1134.8050608355093,6,24.55457558140604,74.94897980032893
24.34701565742385,42.80966917963363,1361.5085712086416,0,24.44339853629041,78.70128232907643
29.966554387641963,40.787982712146935,1770.7187332658343,9,27.68349878479215,85.17024089526305
23.895524028826244,41.99854405784002,1297.522810254579,8,13.580306442789258,83.94589322772642
29.28538259470316,58.63841889020042,1681.2956228655496,0,18.16163842914182,74.34243803823186
27.227628391031654,50.833066661009624,1012.1742132369736,7,16.854584019556594,84.74009750298251
28.986939634701088,55.726511080819954,1114.4058854068517,8,6.215048525168142,95.5707996894436
25.520464254853323,51.50257537307636,1024.292133936398,1,2.405428678677297,79.29740483103579
20.874724426749665,36.728129612819345,1736.058940047972,7,27.85375448898779,66.56248893051789
23.378970650266723,55.594275792901634,1728.007727185361,6,10.96517091492682,83.39737387132985
25.97384508949954,55.79231403751308,1958.3789349821072,4,3.7672373923389015,84.07356121613094
22.264566775822413,40.73575248864838,1315.02431090318,1,20.540905795591527,68.01886834133008
25.51182603130946,57.98447619084983,1256.2779599443409,6,20.082158624816397,79.29216968690613
24.376774841092228,47.062615067873985,1269.57325004197,8,16.22260812323557,72.42289482353563
26.773583466597007,42.8745625042613,1645.1461286676474,0,11.102962929577693,78.65715747769653
28.36480085636243,49.048739863844325,1766.2695206303051,9,7.318066703223574,92.0584687253053
24.10295422074372,30.905798412343017,1214.957598331912,4,3.0409405178565576,73.4805150982396
21.257015771694768,35.176720766078255,1702.4940285110015,1,24.245573853513527,75.18282328680533
23.50914938235719,50.84867785480003,1039.048417963324,0,9.273329852173154,72.96232564251345
22.928908915882403,31.499457238555433,1173.1910871938196,1,6.904323498814885,79.48897674468682
20.96663059549269,57.77128542145584,1197.5542255381406,6,12.172996730724767,71.9759077409931
24.83132370289518,57.25345492298855,1521.8162331852964,7,21.177862985274043,70.05016651805498
29.96347007524853,45.00621224033463,1402.850557105097,6,27.551567865401104,88.62840258913243
22.757237527227808,36.16652806401233,1338.9930339376256,9,9.30183138667508,74.72368766729738
29.998670840983927,40.24384223668836,1866.0743662744624,3,21.104849918666567,86.84048949236032
27.44671039415382,54.860618093689496,1072.0455380092155,6,16.051622881431978,74.32750630049969
20.279353479177804,44.43645509814304,1631.173685910648,4,12.66861024928108,63.29866799894341
29.607942783409307,53.48252630700031,1458.12578511658,0,11.73341647598219,90.27979417843638
24.12651879361669,30.768443342848915,1855.89736749326,2,28.53311776463152,71.08156769592276
21.815877575139943,44.574549137914886,1706.6345950972752,0,7.475806636105,65.4436109901146
23.11871541683067,56.435820980043594,1069.257636864875,6,26.020213177225884,72.51223872311743
21.650388242215826,48.94623968430048,1928.157762416269,0,13.491121319749404,64.627594677649
21.111811878587233,58.7689594991109,1929.9234754214583,6,28.28447642239085,69.59831784607292
24.80157847874736,48.89517137239552,1456.4218445214408,4,19.82627632272248,75.91929167459848
28.52216971099245,39.95780968517231,1633.900947621044,3,10.28731907302163,90.07860083748253
24.545243028110026,46.32449445578859,1776.6700185299362,6,28.88555814914817,79.8130611608758
24.778758105110587,39.14501528801479,1720.424125578008,9,14.276384690957885,72.35976105738673
27.589471682490004,40.46900315991283,1521.920053996506,8,8.235998294992218,83.13482273943058
22.338107617247974,52.79628694252765,1935.5809174833164,5,18.68375439725792,69.88707787274514
28.543204779769567,34.14247653243614,1284.661811863686,5,24.01474336880814,79.68546683354299
23.159549117126083,32.397287263373876,1013.9939629217744,8,27.02675522784437,85.94836369953953
25.36081240579994,53.68370097769447,1497.7813054030748,2,22.447435273143395,74.25802409708585
27.00329108718517,42.48058092868426,1662.2708858228275,9,15.60382901948072,76.35641844307433
25.07977843272399,35.181745842170564,1328.4834500934555,1,28.29048877474986,79.64349269579574
26.9734653221081,33.662502489250905,1470.134870099731,9,17.589348539279417,70.99655425851765
21.67601268674201,49.482006985845445,1020.9007636526152,1,28.05049477843959,82.10633650259106
27.65398675337267,41.17542627564731,1850.085514243539,9,28.89771309515332,88.26987975088674
23.828504016968417,34.256256696171626,1303.487056105144,8,20.999639676148497,83.56867192157476
29.903564462178142,42.49379180511441,1677.9136218745025,5,14.898544220515916,86.33804990538727
28.74811634559277,48.88802887246961,1999.982252131635,6,13.313382816696246,76.76750273188506
26.824760017182676,44.48031813277994,1639.724570090338,0,20.641684808058656,69.9896271416063
24.19147474386861,46.78944351916071,1391.9847052712926,7,11.095044355442802,71.83354857652225
22.09821551311827,40.97286588851042,1004.1106721274756,4,17.961627356124627,76.93341383494749
25.410412214272217,43.79639911927566,1988.4384742537827,7,3.2597693363069946,85.93800098311877
21.32140748698875,49.251736621172405,1456.1385824338056,0,8.356039601975668,73.76491766482671
24.893530032261168,39.764446875400374,1171.5737594666734,8,15.639256028306765,81.37491574540242
20.653431405073004,57.52867369752751,1887.5130076585756,4,10.958254752783338,64.16044094043943
21.837071209294045,45.63981939993164,1256.9501747960044,7,23.30738659995327,70.64422480750918
22.6406030143219,34.750779081673684,1368.5683626497537,5,11.36764106181081,77.15619924801943
21.679493073725897,46.167242287300695,1780.3066293446427,0,22.638543444285222,67.00711451695811
25.83693571170494,39.91961121096827,1365.4896726643494,7,19.96532895019311,83.07131441497877
28.018438618136383,31.60700449943083,1848.9724778588425,7,22.58928110353544,87.40830975238782
25.081028599810693,31.3036983726147,1555.747609347873,3,5.219766711574074,81.38515480436469
27.4179999298565,54.111740651315685,1743.0002029003494,3,12.657589315179514,85.5562355803149
24.57506755574621,39.761963053597896,1229.593896179309,8,14.685280912135264,71.35978102574492
25.038166458222484,32.48298030680644,1591.257027840012,9,20.9690634320436,77.81280294078492
23.601095495763253,52.29507782175972,1502.5569065639888,5,11.974595751276588,74.0082941341654
21.391320811538275,49.70370718813669,1271.2872594610665,4,19.74087470274929,67.44994385267421
26.77268343388353,50.96743713647555,1077.00620400249,4,10.325075073215542,87.4288443887374
21.654188937209852,49.527989552853896,1404.676910189367,8,8.181562005938552,73.9448971603819
28.781031613039993,36.29830929818879,1153.793052885513,1,25.612802202825236,79.66377870761887
21.26410298335915,53.103580363326245,1950.1290995287943,3,23.58646429338986,67.04524826669969
24.64351696950702,35.28092919151077,1728.931521708931,5,27.9026485761266,75.14601170132461
23.158493441187083,40.15090339352811,1257.6919224180049,7,8.468757270257903,68.30644775131655
20.59433697464107,50.115780987696795,1359.4348978783328,0,24.28675850593919,77.43311988645691
28.045022331898476,47.54905792968442,1017.976144448651,3,28.68973155930708,85.27102849193884
22.236948227255542,31.93671848169011,1718.3469480680103,5,11.37711480912439,62.72987331802409
23.907819594491844,47.476990135833645,1377.2927621524923,4,7.063129999550439,73.6212367690306
29.169420553736146,48.93452836503485,1804.7730158722263,6,9.914354976847935,86.78020327168382
21.396571549628003,59.67847838025118,1130.632070668545,3,19.44168405422358,71.77578114103045
22.61967081650721,33.82695518301914,1508.4025646303537,6,27.152598777318214,74.63895632109018
21.990213727321173,58.50181954594241,1352.4896764251264,6,6.2800636872419275,64.90307781558754
27.62188333313685,52.275173086352495,1853.9709234843283,8,12.005881178301712,93.63964381269945
28.732844166760707,44.17064781010821,1168.937032727146,9,4.099814704882318,83.29946207312125
26.656888694656885,54.16366826128619,1539.6716178861338,8,28.61894505469345,89.96406418213438
28.619382298239852,48.85015975547048,1080.0870002547076,5,21.194695663505343,82.30669218855468
23.836646783615127,47.25643549916791,1705.2351556419094,4,25.748176382384585,66.57731967729397
23.005340215618737,48.72050096631061,1320.2852808500302,6,0.2970785734303527,72.75347139283858
25.138364885205537,31.306459213751577,1309.0797189450536,3,20.425163131478826,76.95038939185675
23.051164865493256,42.615421327994746,1018.1406062822566,6,2.45565749760118,71.54531130791871
